﻿<?xml version="1.0" encoding="utf-8"?>
<deployment>
  <id>2f8d0f2d-dd40-4fb2-82b5-fbb6b298ed11</id>
  <author>N/A</author>
  <deployer>OneDeploy</deployer>
  <authorEmail>N/A</authorEmail>
  <message>OneDeploy</message>
  <progress></progress>
  <status>Success</status>
  <statusText></statusText>
  <lastSuccessEndTime>2025-11-06T20:00:19.2677821Z</lastSuccessEndTime>
  <receivedTime>2025-11-06T19:59:40.0103567Z</receivedTime>
  <startTime>2025-11-06T19:59:41.3863493Z</startTime>
  <endTime>2025-11-06T20:00:19.2677821Z</endTime>
  <complete>True</complete>
  <is_temp>False</is_temp>
  <is_readonly>True</is_readonly>
  <buildSummary />
</deployment>