<step title="Incoming Request" date="2025-11-06T20:13:11.560" instance="8b0ed3" url="/api/publish?async=true&amp;deployer=GITHUB_ONE_DEPLOY&amp;type=zip&amp;message=%7B%22type%22%3A%22deployment%22%2C%22sha%22%3A%2249e25b23b819c2a6ea696c6c5323ee528f7bdd7d%22%2C%22repoName%22%3A%22danielobiri%2Fudacity-cms-proj%22%2C%22actor%22%3A%22danielobiri%22%2C%22slotName%22%3A%22Production%22%2C%22commitMessage%22%3A%22Update%20application.py%22%7D" method="POST" type="request" pid="767,1,20" Host="udacitycms-hsggc0fbb9cpfyav.scm.canadacentral-01.azurewebsites.net" User-Agent="GITHUBACTIONS_DeployWebAppToAzure_039cf66f26274fd3261d790cacecc3c3ba287e91810a3657b032c0e2ae56d580" Authorization="Bea..." Content-Type="application/octet-stream" Cookie="ARRAffinity=8b0ed3a3c940bdd1ba4f195fc5a5d840c1c4311a825c69e6ceb63aace03ae840;Path=/;HttpOnly;Secure;Domain=udacitycms-hsggc0fbb9cpfyav.scm.canadacentral-01.azurewebsites.net; ARRAffinitySameSite=8b0ed3a3c940bdd1ba4f195fc5a5d840c1c4311a825c69e6ceb63aace03ae840;Path=/;HttpOnly;SameSite=None;Secure;Domain=udacitycms-hsggc0fbb9cpfyav.scm.canadacentral-01.azurewebsites.net" Transfer-Encoding="chunked" X-ARR-LOG-ID="677b2d62-c972-4801-bc39-cc1066d84dc6" CLIENT-IP="40.79.247.68:52224" X-SITE-DEPLOYMENT-ID="udacitycms" WAS-DEFAULT-HOSTNAME="udacitycms-hsggc0fbb9cpfyav.scm.canadacentral-01.azurewebsites.net" X-Forwarded-Proto="https" X-AppService-Proto="https" X-Forwarded-TlsVersion="1.3" X-WAWS-Unencoded-URL="/api/publish?async=true&amp;deployer=GITHUB_ONE_DEPLOY&amp;type=zip&amp;message=%7B%22type%22%3A%22deployment%22%2C%22sha%22%3A%2249e25b23b819c2a6ea696c6c5323ee528f7bdd7d%22%2C%22repoName%22%3A%22danielobiri%2Fudacity-cms-proj%22%2C%22actor%22%3A%22danielobiri%22%2C%22slotName%22%3A%22Production%22%2C%22commitMessage%22%3A%22Update%20application.py%22%7D" X-Client-IP="40.79.247.68" X-Client-Port="52224" >
  <step title="OneDeploy" date="2025-11-06T20:13:11.622" >
    <step title="None repository commit" date="2025-11-06T20:13:11.641" >
      <step title="Commit id: dbfb23d5-1643-46b8-b4f0-83d4e60e2ab4" date="2025-11-06T20:13:11.656" Message="N/A" AuthorName="N/A" AuthorEmail="N/A" /><!-- duration: 5ms -->
    </step><!-- duration: 25ms -->
    <step title="Starting PushDeployAsync" date="2025-11-06T20:13:11.676" /><!-- duration: 6ms -->
    <step title="Writing artifact to /tmp/zipdeploy/ea29885a-cbd0-4a98-91dc-f44912bb803d.zip" date="2025-11-06T20:13:11.698" >
      <step title="Writing multipart request body to /tmp/zipdeploy/ea29885a-cbd0-4a98-91dc-f44912bb803d.zip" date="2025-11-06T20:13:11.705" /><!-- duration: 9ms -->
    </step><!-- duration: 165ms -->
    <step title="Removing previous build artifact&apos;s manifest file" date="2025-11-06T20:13:11.876" >
      <step title="Start deployment in the background" date="2025-11-06T20:13:11.902" >
        <step title="Acquiring Deployment Lock" date="2025-11-06T20:13:11.921" /><!-- duration: 14ms -->
        <step title="Acquired Deployment Lock" date="2025-11-06T20:13:11.995" /><!-- duration: 4ms -->
      </step><!-- duration: 213ms -->
    </step><!-- duration: 248ms -->
    <step title="Outgoing response" date="2025-11-06T20:13:12.141" type="response" statusCode="202" statusText="Accepted" /><!-- duration: 9ms -->
  </step><!-- duration: 533ms -->
