﻿<?xml version="1.0" encoding="utf-8"?>
<deployment>
  <id>ad88111c-b7bf-486d-985f-eb8f1ba0c443</id>
  <author>N/A</author>
  <deployer>OneDeploy</deployer>
  <authorEmail>N/A</authorEmail>
  <message>OneDeploy</message>
  <progress></progress>
  <status>Success</status>
  <statusText></statusText>
  <lastSuccessEndTime>2025-11-06T19:45:14.4270699Z</lastSuccessEndTime>
  <receivedTime>2025-11-06T19:44:26.5285658Z</receivedTime>
  <startTime>2025-11-06T19:44:27.867047Z</startTime>
  <endTime>2025-11-06T19:45:14.4270699Z</endTime>
  <complete>True</complete>
  <is_temp>False</is_temp>
  <is_readonly>True</is_readonly>
  <buildSummary />
</deployment>