﻿<?xml version="1.0" encoding="utf-8"?>
<deployment>
  <id>059f8e54-d85e-4f29-8fd2-1a5b4689a863</id>
  <author>N/A</author>
  <deployer>OneDeploy</deployer>
  <authorEmail>N/A</authorEmail>
  <message>OneDeploy</message>
  <progress></progress>
  <status>Success</status>
  <statusText></statusText>
  <lastSuccessEndTime>2025-11-06T22:21:51.006607Z</lastSuccessEndTime>
  <receivedTime>2025-11-06T22:20:52.6223821Z</receivedTime>
  <startTime>2025-11-06T22:20:54.065458Z</startTime>
  <endTime>2025-11-06T22:21:51.006607Z</endTime>
  <complete>True</complete>
  <is_temp>False</is_temp>
  <is_readonly>True</is_readonly>
  <buildSummary />
</deployment>