<step title="Incoming Request" date="2025-11-06T21:41:52.360" instance="59351f" url="/api/publish?async=true&amp;deployer=GITHUB_ONE_DEPLOY&amp;type=zip&amp;message=%7B%22type%22%3A%22deployment%22%2C%22sha%22%3A%22e29983b30f16a115d692c38b374e7722d6198801%22%2C%22repoName%22%3A%22danielobiri%2Fudacity-cms-proj%22%2C%22actor%22%3A%22danielobiri%22%2C%22slotName%22%3A%22Production%22%2C%22commitMessage%22%3A%22Fix%20Azure%20Storage%20import%20for%20newer%20azure-storage-blob%20version%22%7D" method="POST" type="request" pid="768,1,16" Host="udacitycms-hsggc0fbb9cpfyav.scm.canadacentral-01.azurewebsites.net" User-Agent="GITHUBACTIONS_DeployWebAppToAzure_039cf66f26274fd3261d790cacecc3c3ba287e91810a3657b032c0e2ae56d580" Authorization="Bea..." Content-Type="application/octet-stream" Cookie="ARRAffinity=59351fa27e3b8ff2edfe6734b7b5bfd768057ef3feaf004e31c03e0b72d93ffe;Path=/;HttpOnly;Secure;Domain=udacitycms-hsggc0fbb9cpfyav.scm.canadacentral-01.azurewebsites.net; ARRAffinitySameSite=59351fa27e3b8ff2edfe6734b7b5bfd768057ef3feaf004e31c03e0b72d93ffe;Path=/;HttpOnly;SameSite=None;Secure;Domain=udacitycms-hsggc0fbb9cpfyav.scm.canadacentral-01.azurewebsites.net" Transfer-Encoding="chunked" X-ARR-LOG-ID="f04cf73d-b8f0-4ff0-aaf2-1c62d26b9885" CLIENT-IP="64.236.142.149:27648" X-SITE-DEPLOYMENT-ID="udacitycms" WAS-DEFAULT-HOSTNAME="udacitycms-hsggc0fbb9cpfyav.scm.canadacentral-01.azurewebsites.net" X-Forwarded-Proto="https" X-AppService-Proto="https" X-Forwarded-TlsVersion="1.3" X-WAWS-Unencoded-URL="/api/publish?async=true&amp;deployer=GITHUB_ONE_DEPLOY&amp;type=zip&amp;message=%7B%22type%22%3A%22deployment%22%2C%22sha%22%3A%22e29983b30f16a115d692c38b374e7722d6198801%22%2C%22repoName%22%3A%22danielobiri%2Fudacity-cms-proj%22%2C%22actor%22%3A%22danielobiri%22%2C%22slotName%22%3A%22Production%22%2C%22commitMessage%22%3A%22Fix%20Azure%20Storage%20import%20for%20newer%20azure-storage-blob%20version%22%7D" X-Client-IP="64.236.142.149" X-Client-Port="27648" >
  <step title="OneDeploy" date="2025-11-06T21:41:52.524" >
    <step title="Starting PushDeployAsync" date="2025-11-06T21:41:52.573" /><!-- duration: 13ms -->
    <step title="Writing artifact to /tmp/zipdeploy/3eeda2d9-c052-4f2a-bc36-486b3e7ed11e.zip" date="2025-11-06T21:41:52.614" >
      <step title="Writing multipart request body to /tmp/zipdeploy/3eeda2d9-c052-4f2a-bc36-486b3e7ed11e.zip" date="2025-11-06T21:41:52.621" /><!-- duration: 6ms -->
    </step><!-- duration: 219ms -->
    <step title="Removing previous build artifact&apos;s manifest file" date="2025-11-06T21:41:52.843" >
      <step title="Start deployment in the background" date="2025-11-06T21:41:52.872" >
        <step title="Acquiring Deployment Lock" date="2025-11-06T21:41:52.922" /><!-- duration: 7ms -->
        <step title="Acquired Deployment Lock" date="2025-11-06T21:41:53.003" /><!-- duration: 7ms -->
      </step><!-- duration: 387ms -->
    </step><!-- duration: 439ms -->
    <step title="Outgoing response" date="2025-11-06T21:41:53.291" type="response" statusCode="202" statusText="Accepted" /><!-- duration: 9ms -->
  </step><!-- duration: 781ms -->
