<step title="Incoming Request" date="2025-11-06T22:09:31.185" instance="59351f" url="/api/deployments/latest?deployer=OneDeploy&amp;time=2025-11-06_22-09-18Z" method="GET" type="request" pid="768,1,39" Host="udacitycms-hsggc0fbb9cpfyav.scm.canadacentral-01.azurewebsites.net" User-Agent="GITHUBACTIONS_DeployWebAppToAzure_039cf66f26274fd3261d790cacecc3c3ba287e91810a3657b032c0e2ae56d580" Authorization="Bea..." Content-Type="application/json; charset=utf-8" Cookie="ARRAffinity=59351fa27e3b8ff2edfe6734b7b5bfd768057ef3feaf004e31c03e0b72d93ffe;Path=/;HttpOnly;Secure;Domain=udacitycms-hsggc0fbb9cpfyav.scm.canadacentral-01.azurewebsites.net; ARRAffinitySameSite=59351fa27e3b8ff2edfe6734b7b5bfd768057ef3feaf004e31c03e0b72d93ffe;Path=/;HttpOnly;SameSite=None;Secure;Domain=udacitycms-hsggc0fbb9cpfyav.scm.canadacentral-01.azurewebsites.net" Content-Length="0" X-ARR-LOG-ID="88e9d51c-a401-47d7-bee8-54a2c23604c3" CLIENT-IP="172.214.44.5:36904" X-SITE-DEPLOYMENT-ID="udacitycms" WAS-DEFAULT-HOSTNAME="udacitycms-hsggc0fbb9cpfyav.scm.canadacentral-01.azurewebsites.net" X-Forwarded-Proto="https" X-AppService-Proto="https" X-Forwarded-TlsVersion="1.3" X-WAWS-Unencoded-URL="/api/deployments/latest?deployer=OneDeploy&amp;time=2025-11-06_22-09-18Z" X-Client-IP="172.214.44.5" X-Client-Port="36904" >
  <step title="Cleanup Xml Logs" date="2025-11-06T22:09:31.190" >
    <step title="Cleanup Infos" date="2025-11-06T22:09:31.219" totalFiles="204" totalCleanup="44" /><!-- duration: 15ms -->
  </step><!-- duration: 52ms -->
  <step title="DeploymentService.GetResult" date="2025-11-06T22:09:31.261" >
    <step title="DeploymentService.GetLatestDeployment" date="2025-11-06T22:09:31.268" >
      <step title="DeploymentManager.GetResults" date="2025-11-06T22:09:31.275" /><!-- duration: 558ms -->
    </step><!-- duration: 572ms -->
  </step><!-- duration: 599ms -->
  <step title="Outgoing response" date="2025-11-06T22:09:31.875" type="response" statusCode="202" statusText="Accepted" /><!-- duration: 7ms -->
</step><!-- duration: 709ms -->
