<step title="Incoming Request" date="2025-11-06T22:09:17.306" instance="59351f" url="/api/publish?async=true&amp;deployer=GITHUB_ONE_DEPLOY&amp;type=zip&amp;message=%7B%22type%22%3A%22deployment%22%2C%22sha%22%3A%22d2699e87dee99fb29692d1862b37655f04b433b5%22%2C%22repoName%22%3A%22danielobiri%2Fudacity-cms-proj%22%2C%22actor%22%3A%22danielobiri%22%2C%22slotName%22%3A%22Production%22%2C%22commitMessage%22%3A%22Force%20redeploy%20to%20fix%20Azure%20Storage%20import%20issue%22%7D" method="POST" type="request" pid="768,1,31" Host="udacitycms-hsggc0fbb9cpfyav.scm.canadacentral-01.azurewebsites.net" User-Agent="GITHUBACTIONS_DeployWebAppToAzure_039cf66f26274fd3261d790cacecc3c3ba287e91810a3657b032c0e2ae56d580" Authorization="Bea..." Content-Type="application/octet-stream" Cookie="ARRAffinity=59351fa27e3b8ff2edfe6734b7b5bfd768057ef3feaf004e31c03e0b72d93ffe;Path=/;HttpOnly;Secure;Domain=udacitycms-hsggc0fbb9cpfyav.scm.canadacentral-01.azurewebsites.net; ARRAffinitySameSite=59351fa27e3b8ff2edfe6734b7b5bfd768057ef3feaf004e31c03e0b72d93ffe;Path=/;HttpOnly;SameSite=None;Secure;Domain=udacitycms-hsggc0fbb9cpfyav.scm.canadacentral-01.azurewebsites.net" Transfer-Encoding="chunked" X-ARR-LOG-ID="9975b06f-7f13-4318-9836-973504f54455" CLIENT-IP="172.214.44.5:36904" X-SITE-DEPLOYMENT-ID="udacitycms" WAS-DEFAULT-HOSTNAME="udacitycms-hsggc0fbb9cpfyav.scm.canadacentral-01.azurewebsites.net" X-Forwarded-Proto="https" X-AppService-Proto="https" X-Forwarded-TlsVersion="1.3" X-WAWS-Unencoded-URL="/api/publish?async=true&amp;deployer=GITHUB_ONE_DEPLOY&amp;type=zip&amp;message=%7B%22type%22%3A%22deployment%22%2C%22sha%22%3A%22d2699e87dee99fb29692d1862b37655f04b433b5%22%2C%22repoName%22%3A%22danielobiri%2Fudacity-cms-proj%22%2C%22actor%22%3A%22danielobiri%22%2C%22slotName%22%3A%22Production%22%2C%22commitMessage%22%3A%22Force%20redeploy%20to%20fix%20Azure%20Storage%20import%20issue%22%7D" X-Client-IP="172.214.44.5" X-Client-Port="36904" >
  <step title="OneDeploy" date="2025-11-06T22:09:17.475" >
    <step title="Starting PushDeployAsync" date="2025-11-06T22:09:17.578" /><!-- duration: 10ms -->
    <step title="Writing artifact to /tmp/zipdeploy/9133b99f-59d6-42bc-9e9b-8fd46a85ed4f.zip" date="2025-11-06T22:09:17.616" >
      <step title="Writing multipart request body to /tmp/zipdeploy/9133b99f-59d6-42bc-9e9b-8fd46a85ed4f.zip" date="2025-11-06T22:09:17.625" /><!-- duration: 10ms -->
    </step><!-- duration: 378ms -->
    <step title="Removing previous build artifact&apos;s manifest file" date="2025-11-06T22:09:18.070" >
      <step title="Start deployment in the background" date="2025-11-06T22:09:18.123" >
        <step title="Acquiring Deployment Lock" date="2025-11-06T22:09:18.176" /><!-- duration: 7ms -->
        <step title="Acquired Deployment Lock" date="2025-11-06T22:09:18.245" /><!-- duration: 6ms -->
      </step><!-- duration: 311ms -->
    </step><!-- duration: 382ms -->
    <step title="Outgoing response" date="2025-11-06T22:09:18.466" type="response" statusCode="202" statusText="Accepted" /><!-- duration: 5ms -->
  </step><!-- duration: 1002ms -->
