<step title="Incoming Request" date="2025-11-06T20:42:36.923" instance="8b0ed3" url="/api/publish?async=true&amp;deployer=GITHUB_ONE_DEPLOY&amp;type=zip&amp;message=%7B%22type%22%3A%22deployment%22%2C%22sha%22%3A%2210c9b90c1509b139d2d974526298d85e92648d20%22%2C%22repoName%22%3A%22danielobiri%2Fudacity-cms-proj%22%2C%22actor%22%3A%22danielobiri%22%2C%22slotName%22%3A%22Production%22%2C%22commitMessage%22%3A%22Fix%20PORT%20environment%20variable%20for%20Azure%20App%20Service%22%7D" method="POST" type="request" pid="768,1,5" Host="udacitycms-hsggc0fbb9cpfyav.scm.canadacentral-01.azurewebsites.net" User-Agent="GITHUBACTIONS_DeployWebAppToAzure_039cf66f26274fd3261d790cacecc3c3ba287e91810a3657b032c0e2ae56d580" Authorization="Bea..." Content-Type="application/octet-stream" Cookie="ARRAffinity=8b0ed3a3c940bdd1ba4f195fc5a5d840c1c4311a825c69e6ceb63aace03ae840;Path=/;HttpOnly;Secure;Domain=udacitycms-hsggc0fbb9cpfyav.scm.canadacentral-01.azurewebsites.net; ARRAffinitySameSite=8b0ed3a3c940bdd1ba4f195fc5a5d840c1c4311a825c69e6ceb63aace03ae840;Path=/;HttpOnly;SameSite=None;Secure;Domain=udacitycms-hsggc0fbb9cpfyav.scm.canadacentral-01.azurewebsites.net" Transfer-Encoding="chunked" X-ARR-LOG-ID="55c91208-0111-4bbf-98b4-69501c67885d" CLIENT-IP="40.76.117.247:16448" X-SITE-DEPLOYMENT-ID="udacitycms" WAS-DEFAULT-HOSTNAME="udacitycms-hsggc0fbb9cpfyav.scm.canadacentral-01.azurewebsites.net" X-Forwarded-Proto="https" X-AppService-Proto="https" X-Forwarded-TlsVersion="1.3" X-WAWS-Unencoded-URL="/api/publish?async=true&amp;deployer=GITHUB_ONE_DEPLOY&amp;type=zip&amp;message=%7B%22type%22%3A%22deployment%22%2C%22sha%22%3A%2210c9b90c1509b139d2d974526298d85e92648d20%22%2C%22repoName%22%3A%22danielobiri%2Fudacity-cms-proj%22%2C%22actor%22%3A%22danielobiri%22%2C%22slotName%22%3A%22Production%22%2C%22commitMessage%22%3A%22Fix%20PORT%20environment%20variable%20for%20Azure%20App%20Service%22%7D" X-Client-IP="40.76.117.247" X-Client-Port="16448" >
  <step title="OneDeploy" date="2025-11-06T20:42:37.243" >
    <step title="None repository commit" date="2025-11-06T20:42:37.366" >
      <step title="Commit id: 636597ee-b1e2-4d22-aae4-a8575d8e7f80" date="2025-11-06T20:42:37.426" Message="N/A" AuthorName="N/A" AuthorEmail="N/A" /><!-- duration: 22ms -->
    </step><!-- duration: 113ms -->
    <step title="Starting PushDeployAsync" date="2025-11-06T20:42:37.505" /><!-- duration: 35ms -->
    <step title="Writing artifact to /tmp/zipdeploy/f0ad2b70-8d97-489e-840f-499b4cd26344.zip" date="2025-11-06T20:42:37.741" >
      <step title="Writing multipart request body to /tmp/zipdeploy/f0ad2b70-8d97-489e-840f-499b4cd26344.zip" date="2025-11-06T20:42:37.811" /><!-- duration: 18ms -->
    </step><!-- duration: 718ms -->
    <step title="Removing previous build artifact&apos;s manifest file" date="2025-11-06T20:42:38.519" >
      <step title="Start deployment in the background" date="2025-11-06T20:42:38.632" >
        <step title="Acquiring Deployment Lock" date="2025-11-06T20:42:38.722" /><!-- duration: 20ms -->
        <step title="Acquired Deployment Lock" date="2025-11-06T20:42:38.922" /><!-- duration: 24ms -->
      </step><!-- duration: 543ms -->
    </step><!-- duration: 708ms -->
    <step title="Outgoing response" date="2025-11-06T20:42:39.297" type="response" statusCode="202" statusText="Accepted" /><!-- duration: 25ms -->
  </step><!-- duration: 2105ms -->
