<step title="BackgroundTrace" date="2025-11-06T20:33:58.946" instance="8b0ed3" url="/api/publish" method="POST" >
  <step title="Creating temporary deployment - FetchDeploymentManager" date="2025-11-06T20:33:59.025" /><!-- duration: 6ms -->
  <step title="Creating temporary deployment" date="2025-11-06T20:33:59.040" /><!-- duration: 83ms -->
  <step title="Performing fetch based deployment" date="2025-11-06T20:33:59.159" >
    <step title="Cleaning up temp folders from previous zip deployments and extracting pushed zip file /tmp/zipdeploy/cb34681f-1510-47b4-b0c6-f79da4e428dd.zip (1.50 MB) to /tmp/zipdeploy/extracted" date="2025-11-06T20:34:00.313" >
      <step title="ChmodRecursive Process exited with total time taken in ms: 69" date="2025-11-06T20:34:00.647" /><!-- duration: 8ms -->
    </step><!-- duration: 348ms -->
    <step title="Deployment timer started" date="2025-11-06T20:34:02.672" >
      <step title="DeploymentManager.Deploy(id:35744b9e-bab6-445c-aaf4-0786dca79f1b)" date="2025-11-06T20:34:02.685" >
        <step title="Collecting changeset information" date="2025-11-06T20:34:02.707" /><!-- duration: 103ms -->
        <step title="Updating submodules" date="2025-11-06T20:34:02.834" /><!-- duration: 1156ms -->
        <step title="Determining deployment builder" date="2025-11-06T20:34:04.251" >
          <step title="Builder is OryxBuilder" date="2025-11-06T20:34:04.278" /><!-- duration: 5ms -->
        </step><!-- duration: 38ms -->
        <step title="PreDeployment: context.CleanOutputPath False" date="2025-11-06T20:34:04.353" >
          <step title="PreDeployment: context.OutputPath /home/site/wwwroot" date="2025-11-06T20:34:04.482" >
            <step title="Building" date="2025-11-06T20:34:04.674" >
              <step title="Executing external process" date="2025-11-06T20:34:05.117" type="process" path="bash" arguments="-c &quot;oryx build /tmp/zipdeploy/extracted -o /home/site/wwwroot --platform python --platform-version 3.10 -p virtualenv_name=antenv --log-file /tmp/build-debug.log  -i /tmp/8de1d73d3acf5e3 --compress-destination-dir | tee /tmp/oryx-build.log ; exit $PIPESTATUS &quot;" /><!-- duration: 38336ms -->
              <step title="Using PythonDeploymentLogParser" date="2025-11-06T20:34:43.829" /><!-- duration: 12ms -->
              <step title="Modified file to trigger a restart of the app container." date="2025-11-06T20:34:45.022" /><!-- duration: 7ms -->
              <step title="Skip function trigger and logicapp sync because function is not enabled." date="2025-11-06T20:34:45.043" /><!-- duration: 4ms -->
            </step><!-- duration: 41404ms -->
          </step><!-- duration: 41605ms -->
          <step title="Cleaning up temp files" date="2025-11-06T20:34:46.092" /><!-- duration: 792ms -->
          <step title="Cleaning up temp files" date="2025-11-06T20:34:46.915" /><!-- duration: 591ms -->
          <step title="Reloading status file with latest updates" date="2025-11-06T20:34:48.108" >
            <step title="WebHooksManager.PublishEventAsync: PostDeployment" date="2025-11-06T20:34:48.115" /><!-- duration: 68ms -->
          </step><!-- duration: 79ms -->
          <step title="Cleaning up temporary deployment - fetch deployment was successful" date="2025-11-06T20:34:48.199" /><!-- duration: 6ms -->
        </step><!-- duration: 43920ms -->
      </step><!-- duration: 45615ms -->
