<step title="Incoming Request" date="2025-11-06T22:21:32.886" instance="59351f" url="/api/deployments/latest?deployer=OneDeploy&amp;time=2025-11-06_22-20-49Z" method="GET" type="request" pid="768,1,17" Host="udacitycms-hsggc0fbb9cpfyav.scm.canadacentral-01.azurewebsites.net" User-Agent="GITHUBACTIONS_DeployWebAppToAzure_039cf66f26274fd3261d790cacecc3c3ba287e91810a3657b032c0e2ae56d580" Authorization="Bea..." Content-Type="application/json; charset=utf-8" Cookie="ARRAffinity=59351fa27e3b8ff2edfe6734b7b5bfd768057ef3feaf004e31c03e0b72d93ffe;Path=/;HttpOnly;Secure;Domain=udacitycms-hsggc0fbb9cpfyav.scm.canadacentral-01.azurewebsites.net; ARRAffinitySameSite=59351fa27e3b8ff2edfe6734b7b5bfd768057ef3feaf004e31c03e0b72d93ffe;Path=/;HttpOnly;SameSite=None;Secure;Domain=udacitycms-hsggc0fbb9cpfyav.scm.canadacentral-01.azurewebsites.net" Content-Length="0" X-ARR-LOG-ID="b02fa885-04e1-4ec8-8e57-d849937f7d4d" CLIENT-IP="172.184.214.212:4137" X-SITE-DEPLOYMENT-ID="udacitycms" WAS-DEFAULT-HOSTNAME="udacitycms-hsggc0fbb9cpfyav.scm.canadacentral-01.azurewebsites.net" X-Forwarded-Proto="https" X-AppService-Proto="https" X-Forwarded-TlsVersion="1.3" X-WAWS-Unencoded-URL="/api/deployments/latest?deployer=OneDeploy&amp;time=2025-11-06_22-20-49Z" X-Client-IP="172.184.214.212" X-Client-Port="4137" >
  <step title="Cleanup Xml Logs" date="2025-11-06T22:21:32.900" >
    <step title="Cleanup Infos" date="2025-11-06T22:21:32.922" totalFiles="222" totalCleanup="62" /><!-- duration: 20ms -->
  </step><!-- duration: 49ms -->
  <step title="DeploymentService.GetResult" date="2025-11-06T22:21:32.974" >
    <step title="DeploymentService.GetLatestDeployment" date="2025-11-06T22:21:32.983" >
      <step title="DeploymentManager.GetResults" date="2025-11-06T22:21:32.996" /><!-- duration: 336ms -->
    </step><!-- duration: 357ms -->
  </step><!-- duration: 372ms -->
  <step title="Outgoing response" date="2025-11-06T22:21:33.427" type="response" statusCode="202" statusText="Accepted" /><!-- duration: 6ms -->
</step><!-- duration: 551ms -->
