<step title="Incoming Request" date="2025-11-06T22:09:43.279" instance="59351f" url="/api/deployments/latest?deployer=OneDeploy&amp;time=2025-11-06_22-09-18Z" method="GET" type="request" pid="768,1,31" Host="udacitycms-hsggc0fbb9cpfyav.scm.canadacentral-01.azurewebsites.net" User-Agent="GITHUBACTIONS_DeployWebAppToAzure_039cf66f26274fd3261d790cacecc3c3ba287e91810a3657b032c0e2ae56d580" Authorization="Bea..." Content-Type="application/json; charset=utf-8" Cookie="ARRAffinity=59351fa27e3b8ff2edfe6734b7b5bfd768057ef3feaf004e31c03e0b72d93ffe;Path=/;HttpOnly;Secure;Domain=udacitycms-hsggc0fbb9cpfyav.scm.canadacentral-01.azurewebsites.net; ARRAffinitySameSite=59351fa27e3b8ff2edfe6734b7b5bfd768057ef3feaf004e31c03e0b72d93ffe;Path=/;HttpOnly;SameSite=None;Secure;Domain=udacitycms-hsggc0fbb9cpfyav.scm.canadacentral-01.azurewebsites.net" Content-Length="0" X-ARR-LOG-ID="c2c72072-f252-473b-9957-116c68f9e680" CLIENT-IP="172.214.44.5:36904" X-SITE-DEPLOYMENT-ID="udacitycms" WAS-DEFAULT-HOSTNAME="udacitycms-hsggc0fbb9cpfyav.scm.canadacentral-01.azurewebsites.net" X-Forwarded-Proto="https" X-AppService-Proto="https" X-Forwarded-TlsVersion="1.3" X-WAWS-Unencoded-URL="/api/deployments/latest?deployer=OneDeploy&amp;time=2025-11-06_22-09-18Z" X-Client-IP="172.214.44.5" X-Client-Port="36904" >
  <step title="Cleanup Xml Logs" date="2025-11-06T22:09:43.285" >
    <step title="Cleanup Infos" date="2025-11-06T22:09:43.324" totalFiles="206" totalCleanup="46" /><!-- duration: 15ms -->
  </step><!-- duration: 98ms -->
  <step title="DeploymentService.GetResult" date="2025-11-06T22:09:43.429" >
    <step title="DeploymentService.GetLatestDeployment" date="2025-11-06T22:09:43.439" >
      <step title="DeploymentManager.GetResults" date="2025-11-06T22:09:43.449" /><!-- duration: 1222ms -->
    </step><!-- duration: 1330ms -->
  </step><!-- duration: 1405ms -->
  <step title="Outgoing response" date="2025-11-06T22:09:44.853" type="response" statusCode="202" statusText="Accepted" /><!-- duration: 125ms -->
</step><!-- duration: 1707ms -->
