<step title="Incoming Request" date="2025-11-06T20:24:00.574" instance="8b0ed3" url="/api/publish?async=true&amp;deployer=GITHUB_ONE_DEPLOY&amp;type=zip&amp;message=%7B%22type%22%3A%22deployment%22%2C%22sha%22%3A%222c5a7d60bcd61bf56bf76f792950f7ac151bfe4d%22%2C%22repoName%22%3A%22danielobiri%2Fudacity-cms-proj%22%2C%22actor%22%3A%22danielobiri%22%2C%22slotName%22%3A%22Production%22%2C%22commitMessage%22%3A%22Fix%20SQLAlchemy%20version%20compatibility%20issue%22%7D" method="POST" type="request" pid="767,1,25" Host="udacitycms-hsggc0fbb9cpfyav.scm.canadacentral-01.azurewebsites.net" User-Agent="GITHUBACTIONS_DeployWebAppToAzure_039cf66f26274fd3261d790cacecc3c3ba287e91810a3657b032c0e2ae56d580" Authorization="Bea..." Content-Type="application/octet-stream" Cookie="ARRAffinity=8b0ed3a3c940bdd1ba4f195fc5a5d840c1c4311a825c69e6ceb63aace03ae840;Path=/;HttpOnly;Secure;Domain=udacitycms-hsggc0fbb9cpfyav.scm.canadacentral-01.azurewebsites.net; ARRAffinitySameSite=8b0ed3a3c940bdd1ba4f195fc5a5d840c1c4311a825c69e6ceb63aace03ae840;Path=/;HttpOnly;SameSite=None;Secure;Domain=udacitycms-hsggc0fbb9cpfyav.scm.canadacentral-01.azurewebsites.net" Transfer-Encoding="chunked" X-ARR-LOG-ID="9733feb2-6e8a-41ec-ae57-80df857a7e52" CLIENT-IP="52.154.21.53:11264" X-SITE-DEPLOYMENT-ID="udacitycms" WAS-DEFAULT-HOSTNAME="udacitycms-hsggc0fbb9cpfyav.scm.canadacentral-01.azurewebsites.net" X-Forwarded-Proto="https" X-AppService-Proto="https" X-Forwarded-TlsVersion="1.3" X-WAWS-Unencoded-URL="/api/publish?async=true&amp;deployer=GITHUB_ONE_DEPLOY&amp;type=zip&amp;message=%7B%22type%22%3A%22deployment%22%2C%22sha%22%3A%222c5a7d60bcd61bf56bf76f792950f7ac151bfe4d%22%2C%22repoName%22%3A%22danielobiri%2Fudacity-cms-proj%22%2C%22actor%22%3A%22danielobiri%22%2C%22slotName%22%3A%22Production%22%2C%22commitMessage%22%3A%22Fix%20SQLAlchemy%20version%20compatibility%20issue%22%7D" X-Client-IP="52.154.21.53" X-Client-Port="11264" >
  <step title="OneDeploy" date="2025-11-06T20:24:00.586" >
    <step title="Starting PushDeployAsync" date="2025-11-06T20:24:00.597" /><!-- duration: 6ms -->
    <step title="Writing artifact to /tmp/zipdeploy/312583e4-3add-453c-aff6-6f2e3a010b3e.zip" date="2025-11-06T20:24:00.622" >
      <step title="Writing multipart request body to /tmp/zipdeploy/312583e4-3add-453c-aff6-6f2e3a010b3e.zip" date="2025-11-06T20:24:00.628" /><!-- duration: 10ms -->
    </step><!-- duration: 572ms -->
    <step title="Removing previous build artifact&apos;s manifest file" date="2025-11-06T20:24:01.210" >
      <step title="Start deployment in the background" date="2025-11-06T20:24:01.235" >
        <step title="Acquiring Deployment Lock" date="2025-11-06T20:24:01.254" /><!-- duration: 7ms -->
        <step title="Acquired Deployment Lock" date="2025-11-06T20:24:01.303" /><!-- duration: 8ms -->
      </step><!-- duration: 177ms -->
    </step><!-- duration: 206ms -->
    <step title="Outgoing response" date="2025-11-06T20:24:01.422" type="response" statusCode="202" statusText="Accepted" /><!-- duration: 5ms -->
  </step><!-- duration: 848ms -->
