<step title="BackgroundTrace" date="2025-11-06T19:44:22.265" instance="8b0ed3" url="/api/publish" method="POST" >
  <step title="Creating temporary deployment - FetchDeploymentManager" date="2025-11-06T19:44:22.357" /><!-- duration: 3ms -->
  <step title="Creating temporary deployment" date="2025-11-06T19:44:22.369" /><!-- duration: 85ms -->
  <step title="Performing fetch based deployment" date="2025-11-06T19:44:22.524" >
    <step title="Cleaning up temp folders from previous zip deployments and extracting pushed zip file /tmp/zipdeploy/3a1b47cc-1d99-44bd-b115-148d75cc6d9d.zip (1.45 MB) to /tmp/zipdeploy/extracted" date="2025-11-06T19:44:23.735" >
      <step title="ChmodRecursive Process exited with total time taken in ms: 662" date="2025-11-06T19:44:24.448" /><!-- duration: 17ms -->
    </step><!-- duration: 735ms -->
    <step title="Deployment timer started" date="2025-11-06T19:44:26.479" >
      <step title="DeploymentManager.Deploy(id:ad88111c-b7bf-486d-985f-eb8f1ba0c443)" date="2025-11-06T19:44:26.487" >
        <step title="Collecting changeset information" date="2025-11-06T19:44:26.501" /><!-- duration: 85ms -->
        <step title="Updating submodules" date="2025-11-06T19:44:26.593" /><!-- duration: 1118ms -->
        <step title="Determining deployment builder" date="2025-11-06T19:44:27.949" >
          <step title="Builder is OryxBuilder" date="2025-11-06T19:44:27.964" /><!-- duration: 4ms -->
        </step><!-- duration: 23ms -->
        <step title="PreDeployment: context.CleanOutputPath False" date="2025-11-06T19:44:28.019" >
          <step title="PreDeployment: context.OutputPath /home/site/wwwroot" date="2025-11-06T19:44:28.143" >
            <step title="Building" date="2025-11-06T19:44:28.314" >
              <step title="Executing external process" date="2025-11-06T19:44:28.735" type="process" path="bash" arguments="-c &quot;oryx build /tmp/zipdeploy/extracted -o /home/site/wwwroot --platform python --platform-version 3.10 -p virtualenv_name=antenv --log-file /tmp/build-debug.log  -i /tmp/8de1d6ce5a75731 --compress-destination-dir | tee /tmp/oryx-build.log ; exit $PIPESTATUS &quot;" /><!-- duration: 42921ms -->
              <step title="Using PythonDeploymentLogParser" date="2025-11-06T19:45:12.341" /><!-- duration: 12ms -->
              <step title="Modified file to trigger a restart of the app container." date="2025-11-06T19:45:13.695" /><!-- duration: 27ms -->
              <step title="Skip function trigger and logicapp sync because function is not enabled." date="2025-11-06T19:45:13.738" /><!-- duration: 12ms -->
            </step><!-- duration: 46507ms -->
          </step><!-- duration: 46690ms -->
          <step title="Cleaning up temp files" date="2025-11-06T19:45:14.838" /><!-- duration: 335ms -->
          <step title="Cleaning up temp files" date="2025-11-06T19:45:15.177" /><!-- duration: 506ms -->
          <step title="Reloading status file with latest updates" date="2025-11-06T19:45:15.715" >
            <step title="WebHooksManager.PublishEventAsync: PostDeployment" date="2025-11-06T19:45:15.721" /><!-- duration: 62ms -->
          </step><!-- duration: 71ms -->
          <step title="Cleaning up temporary deployment - fetch deployment was successful" date="2025-11-06T19:45:15.793" /><!-- duration: 6ms -->
        </step><!-- duration: 47847ms -->
      </step><!-- duration: 49407ms -->
