﻿<?xml version="1.0" encoding="utf-8"?>
<deployment>
  <id>35744b9e-bab6-445c-aaf4-0786dca79f1b</id>
  <author>N/A</author>
  <deployer>OneDeploy</deployer>
  <authorEmail>N/A</authorEmail>
  <message>OneDeploy</message>
  <progress></progress>
  <status>Success</status>
  <statusText></statusText>
  <lastSuccessEndTime>2025-11-06T20:34:45.4231278Z</lastSuccessEndTime>
  <receivedTime>2025-11-06T20:34:02.7472802Z</receivedTime>
  <startTime>2025-11-06T20:34:04.1769652Z</startTime>
  <endTime>2025-11-06T20:34:45.4231278Z</endTime>
  <complete>True</complete>
  <is_temp>False</is_temp>
  <is_readonly>True</is_readonly>
  <buildSummary />
</deployment>