<step title="BackgroundTrace" date="2025-11-06T21:10:15.264" instance="59351f" url="/api/publish" method="POST" >
  <step title="Creating temporary deployment - FetchDeploymentManager" date="2025-11-06T21:10:15.352" /><!-- duration: 4ms -->
  <step title="Creating temporary deployment" date="2025-11-06T21:10:15.366" /><!-- duration: 568ms -->
  <step title="Performing fetch based deployment" date="2025-11-06T21:10:15.987" >
    <step title="Cleaning up temp folders from previous zip deployments and extracting pushed zip file /tmp/zipdeploy/5dbf401f-eaeb-40d6-9d10-37f7e7b44beb.zip (1.50 MB) to /tmp/zipdeploy/extracted" date="2025-11-06T21:10:17.187" >
      <step title="ChmodRecursive Process exited with total time taken in ms: 533" date="2025-11-06T21:10:18.113" /><!-- duration: 13ms -->
    </step><!-- duration: 946ms -->
    <step title="Deployment timer started" date="2025-11-06T21:10:20.150" >
      <step title="DeploymentManager.Deploy(id:4e5cb53e-b15f-40bf-8f15-ef58b112bd65)" date="2025-11-06T21:10:20.162" >
        <step title="Collecting changeset information" date="2025-11-06T21:10:20.184" /><!-- duration: 114ms -->
        <step title="Updating submodules" date="2025-11-06T21:10:20.310" /><!-- duration: 1154ms -->
        <step title="Determining deployment builder" date="2025-11-06T21:10:21.709" >
          <step title="Builder is OryxBuilder" date="2025-11-06T21:10:21.725" /><!-- duration: 5ms -->
        </step><!-- duration: 29ms -->
        <step title="PreDeployment: context.CleanOutputPath False" date="2025-11-06T21:10:21.817" >
          <step title="PreDeployment: context.OutputPath /home/site/wwwroot" date="2025-11-06T21:10:21.953" >
            <step title="Building" date="2025-11-06T21:10:22.100" >
              <step title="Executing external process" date="2025-11-06T21:10:22.431" type="process" path="bash" arguments="-c &quot;oryx build /tmp/zipdeploy/extracted -o /home/site/wwwroot --platform python --platform-version 3.10 -p virtualenv_name=antenv --log-file /tmp/build-debug.log  -i /tmp/8de1d78e589d7b7 --compress-destination-dir | tee /tmp/oryx-build.log ; exit $PIPESTATUS &quot;" /><!-- duration: 41659ms -->
              <step title="Using PythonDeploymentLogParser" date="2025-11-06T21:11:04.620" /><!-- duration: 7ms -->
              <step title="Modified file to trigger a restart of the app container." date="2025-11-06T21:11:06.104" /><!-- duration: 4ms -->
              <step title="Skip function trigger and logicapp sync because function is not enabled." date="2025-11-06T21:11:06.124" /><!-- duration: 11ms -->
            </step><!-- duration: 45190ms -->
          </step><!-- duration: 45346ms -->
          <step title="Cleaning up temp files" date="2025-11-06T21:11:07.306" /><!-- duration: 1789ms -->
          <step title="Cleaning up temp files" date="2025-11-06T21:11:09.108" /><!-- duration: 523ms -->
          <step title="Reloading status file with latest updates" date="2025-11-06T21:11:09.669" >
            <step title="WebHooksManager.PublishEventAsync: PostDeployment" date="2025-11-06T21:11:09.681" /><!-- duration: 59ms -->
          </step><!-- duration: 76ms -->
          <step title="Cleaning up temporary deployment - fetch deployment was successful" date="2025-11-06T21:11:09.755" /><!-- duration: 6ms -->
        </step><!-- duration: 48002ms -->
      </step><!-- duration: 49689ms -->
