<step title="BackgroundTrace" date="2025-11-06T20:13:11.910" instance="8b0ed3" url="/api/publish" method="POST" >
  <step title="Creating temporary deployment - FetchDeploymentManager" date="2025-11-06T20:13:12.005" /><!-- duration: 3ms -->
  <step title="Creating temporary deployment" date="2025-11-06T20:13:12.019" /><!-- duration: 86ms -->
  <step title="Performing fetch based deployment" date="2025-11-06T20:13:12.169" >
    <step title="Cleaning up temp folders from previous zip deployments and extracting pushed zip file /tmp/zipdeploy/ea29885a-cbd0-4a98-91dc-f44912bb803d.zip (1.45 MB) to /tmp/zipdeploy/extracted" date="2025-11-06T20:13:13.402" >
      <step title="ChmodRecursive Process exited with total time taken in ms: 96" date="2025-11-06T20:13:13.597" /><!-- duration: 8ms -->
    </step><!-- duration: 215ms -->
    <step title="Deployment timer started" date="2025-11-06T20:13:15.629" >
      <step title="DeploymentManager.Deploy(id:dbfb23d5-1643-46b8-b4f0-83d4e60e2ab4)" date="2025-11-06T20:13:15.638" >
        <step title="Collecting changeset information" date="2025-11-06T20:13:15.662" /><!-- duration: 86ms -->
        <step title="Updating submodules" date="2025-11-06T20:13:15.755" /><!-- duration: 1136ms -->
        <step title="Determining deployment builder" date="2025-11-06T20:13:17.158" >
          <step title="Builder is OryxBuilder" date="2025-11-06T20:13:17.172" /><!-- duration: 4ms -->
        </step><!-- duration: 22ms -->
        <step title="PreDeployment: context.CleanOutputPath False" date="2025-11-06T20:13:17.240" >
          <step title="PreDeployment: context.OutputPath /home/site/wwwroot" date="2025-11-06T20:13:17.369" >
            <step title="Building" date="2025-11-06T20:13:17.546" >
              <step title="Executing external process" date="2025-11-06T20:13:17.871" type="process" path="bash" arguments="-c &quot;oryx build /tmp/zipdeploy/extracted -o /home/site/wwwroot --platform python --platform-version 3.10 -p virtualenv_name=antenv --log-file /tmp/build-debug.log  -i /tmp/8de1d70ec57686d --compress-destination-dir | tee /tmp/oryx-build.log ; exit $PIPESTATUS &quot;" /><!-- duration: 38231ms -->
              <step title="Using PythonDeploymentLogParser" date="2025-11-06T20:13:56.552" /><!-- duration: 7ms -->
              <step title="Modified file to trigger a restart of the app container." date="2025-11-06T20:13:57.827" /><!-- duration: 9ms -->
              <step title="Skip function trigger and logicapp sync because function is not enabled." date="2025-11-06T20:13:57.853" /><!-- duration: 5ms -->
            </step><!-- duration: 41108ms -->
          </step><!-- duration: 41293ms -->
          <step title="Cleaning up temp files" date="2025-11-06T20:13:58.668" /><!-- duration: 299ms -->
          <step title="Cleaning up temp files" date="2025-11-06T20:13:58.974" /><!-- duration: 511ms -->
          <step title="Reloading status file with latest updates" date="2025-11-06T20:13:59.517" >
            <step title="WebHooksManager.PublishEventAsync: PostDeployment" date="2025-11-06T20:13:59.524" /><!-- duration: 115ms -->
          </step><!-- duration: 126ms -->
          <step title="Cleaning up temporary deployment - fetch deployment was successful" date="2025-11-06T20:13:59.651" /><!-- duration: 5ms -->
        </step><!-- duration: 42473ms -->
      </step><!-- duration: 44098ms -->
