<step title="BackgroundTrace" date="2025-11-06T21:41:52.898" instance="59351f" url="/api/publish" method="POST" >
  <step title="Creating temporary deployment - FetchDeploymentManager" date="2025-11-06T21:41:53.016" /><!-- duration: 4ms -->
  <step title="Creating temporary deployment" date="2025-11-06T21:41:53.033" /><!-- duration: 219ms -->
  <step title="Performing fetch based deployment" date="2025-11-06T21:41:53.317" >
    <step title="Cleaning up temp folders from previous zip deployments and extracting pushed zip file /tmp/zipdeploy/3eeda2d9-c052-4f2a-bc36-486b3e7ed11e.zip (1.67 MB) to /tmp/zipdeploy/extracted" date="2025-11-06T21:41:54.603" >
      <step title="ChmodRecursive Process exited with total time taken in ms: 142" date="2025-11-06T21:41:54.890" /><!-- duration: 6ms -->
    </step><!-- duration: 300ms -->
    <step title="Deployment timer started" date="2025-11-06T21:41:57.030" >
      <step title="DeploymentManager.Deploy(id:746dac5b-806e-4caf-9718-a5755cc89c44)" date="2025-11-06T21:41:57.104" >
        <step title="Collecting changeset information" date="2025-11-06T21:41:57.142" /><!-- duration: 143ms -->
        <step title="Updating submodules" date="2025-11-06T21:41:57.299" /><!-- duration: 1162ms -->
        <step title="Determining deployment builder" date="2025-11-06T21:41:58.768" >
          <step title="Builder is OryxBuilder" date="2025-11-06T21:41:58.793" /><!-- duration: 6ms -->
        </step><!-- duration: 39ms -->
        <step title="PreDeployment: context.CleanOutputPath False" date="2025-11-06T21:41:58.901" >
          <step title="PreDeployment: context.OutputPath /home/site/wwwroot" date="2025-11-06T21:41:59.048" >
            <step title="Building" date="2025-11-06T21:41:59.239" >
              <step title="Executing external process" date="2025-11-06T21:42:00.406" type="process" path="bash" arguments="-c &quot;oryx build /tmp/zipdeploy/extracted -o /home/site/wwwroot --platform python --platform-version 3.10 -p virtualenv_name=antenv --log-file /tmp/build-debug.log  -i /tmp/8de1d7d50474c0e --compress-destination-dir | tee /tmp/oryx-build.log ; exit $PIPESTATUS &quot;" /><!-- duration: 71665ms -->
              <step title="Using PythonDeploymentLogParser" date="2025-11-06T21:43:12.557" /><!-- duration: 10ms -->
              <step title="Modified file to trigger a restart of the app container." date="2025-11-06T21:43:13.989" /><!-- duration: 7ms -->
              <step title="Skip function trigger and logicapp sync because function is not enabled." date="2025-11-06T21:43:14.011" /><!-- duration: 20ms -->
            </step><!-- duration: 75770ms -->
          </step><!-- duration: 75978ms -->
          <step title="Cleaning up temp files" date="2025-11-06T21:43:15.032" /><!-- duration: 1819ms -->
          <step title="Cleaning up temp files" date="2025-11-06T21:43:16.860" /><!-- duration: 656ms -->
          <step title="Reloading status file with latest updates" date="2025-11-06T21:43:17.582" >
            <step title="WebHooksManager.PublishEventAsync: PostDeployment" date="2025-11-06T21:43:17.605" /><!-- duration: 67ms -->
          </step><!-- duration: 114ms -->
          <step title="Cleaning up temporary deployment - fetch deployment was successful" date="2025-11-06T21:43:17.718" /><!-- duration: 6ms -->
        </step><!-- duration: 78909ms -->
      </step><!-- duration: 80738ms -->
