<step title="BackgroundTrace" date="2025-11-06T20:42:38.675" instance="8b0ed3" url="/api/publish" method="POST" >
  <step title="Creating temporary deployment - FetchDeploymentManager" date="2025-11-06T20:42:38.971" /><!-- duration: 14ms -->
  <step title="Creating temporary deployment" date="2025-11-06T20:42:39.017" /><!-- duration: 136ms -->
  <step title="Performing fetch based deployment" date="2025-11-06T20:42:39.418" >
    <step title="Cleaning up temp folders from previous zip deployments and extracting pushed zip file /tmp/zipdeploy/f0ad2b70-8d97-489e-840f-499b4cd26344.zip (1.50 MB) to /tmp/zipdeploy/extracted" date="2025-11-06T20:42:41.307" >
      <step title="ChmodRecursive Process exited with total time taken in ms: 188" date="2025-11-06T20:42:41.977" /><!-- duration: 18ms -->
    </step><!-- duration: 716ms -->
    <step title="Deployment timer started" date="2025-11-06T20:42:44.092" >
      <step title="DeploymentManager.Deploy(id:636597ee-b1e2-4d22-aae4-a8575d8e7f80)" date="2025-11-06T20:42:44.135" >
        <step title="Collecting changeset information" date="2025-11-06T20:42:44.202" /><!-- duration: 208ms -->
        <step title="Updating submodules" date="2025-11-06T20:42:44.430" /><!-- duration: 1243ms -->
        <step title="Determining deployment builder" date="2025-11-06T20:42:46.065" >
          <step title="Builder is OryxBuilder" date="2025-11-06T20:42:46.096" /><!-- duration: 6ms -->
        </step><!-- duration: 55ms -->
        <step title="PreDeployment: context.CleanOutputPath False" date="2025-11-06T20:42:46.205" >
          <step title="PreDeployment: context.OutputPath /home/site/wwwroot" date="2025-11-06T20:42:46.393" >
            <step title="Building" date="2025-11-06T20:42:46.630" >
              <step title="Executing external process" date="2025-11-06T20:42:47.151" type="process" path="bash" arguments="-c &quot;oryx build /tmp/zipdeploy/extracted -o /home/site/wwwroot --platform python --platform-version 3.10 -p virtualenv_name=antenv --log-file /tmp/build-debug.log  -i /tmp/8de1d750ab7f6e2 --compress-destination-dir | tee /tmp/oryx-build.log ; exit $PIPESTATUS &quot;" /><!-- duration: 95492ms -->
              <step title="Using PythonDeploymentLogParser" date="2025-11-06T20:44:23.105" /><!-- duration: 5ms -->
              <step title="Modified file to trigger a restart of the app container." date="2025-11-06T20:44:24.912" /><!-- duration: 5ms -->
              <step title="Skip function trigger and logicapp sync because function is not enabled." date="2025-11-06T20:44:24.939" /><!-- duration: 53ms -->
            </step><!-- duration: 99403ms -->
          </step><!-- duration: 99651ms -->
          <step title="Cleaning up temp files" date="2025-11-06T20:44:26.049" /><!-- duration: 335ms -->
          <step title="Cleaning up temp files" date="2025-11-06T20:44:26.388" /><!-- duration: 509ms -->
          <step title="Reloading status file with latest updates" date="2025-11-06T20:44:26.945" >
            <step title="WebHooksManager.PublishEventAsync: PostDeployment" date="2025-11-06T20:44:26.953" /><!-- duration: 81ms -->
          </step><!-- duration: 93ms -->
          <step title="Cleaning up temporary deployment - fetch deployment was successful" date="2025-11-06T20:44:27.070" /><!-- duration: 9ms -->
        </step><!-- duration: 100947ms -->
      </step><!-- duration: 103041ms -->
