<step title="BackgroundTrace" date="2025-11-06T20:20:44.065" instance="8b0ed3" url="/api/publish" method="POST" >
  <step title="Creating temporary deployment - FetchDeploymentManager" date="2025-11-06T20:20:44.156" /><!-- duration: 8ms -->
  <step title="Creating temporary deployment" date="2025-11-06T20:20:44.173" /><!-- duration: 96ms -->
  <step title="Performing fetch based deployment" date="2025-11-06T20:20:44.371" >
    <step title="Cleaning up temp folders from previous zip deployments and extracting pushed zip file /tmp/zipdeploy/d350fc41-9e76-4737-ad7b-c428f9dd548e.zip (1.50 MB) to /tmp/zipdeploy/extracted" date="2025-11-06T20:20:45.585" >
      <step title="ChmodRecursive Process exited with total time taken in ms: 117" date="2025-11-06T20:20:45.950" /><!-- duration: 5ms -->
    </step><!-- duration: 376ms -->
    <step title="Deployment timer started" date="2025-11-06T20:20:48.135" >
      <step title="DeploymentManager.Deploy(id:8d4637e7-6381-489d-b3c2-0538bfedc7c7)" date="2025-11-06T20:20:48.146" >
        <step title="Collecting changeset information" date="2025-11-06T20:20:48.174" /><!-- duration: 110ms -->
        <step title="Updating submodules" date="2025-11-06T20:20:48.297" /><!-- duration: 1183ms -->
        <step title="Determining deployment builder" date="2025-11-06T20:20:49.713" >
          <step title="Builder is OryxBuilder" date="2025-11-06T20:20:49.734" /><!-- duration: 5ms -->
        </step><!-- duration: 31ms -->
        <step title="PreDeployment: context.CleanOutputPath False" date="2025-11-06T20:20:49.838" >
          <step title="PreDeployment: context.OutputPath /home/site/wwwroot" date="2025-11-06T20:20:49.977" >
            <step title="Building" date="2025-11-06T20:20:50.151" >
              <step title="Executing external process" date="2025-11-06T20:20:50.555" type="process" path="bash" arguments="-c &quot;oryx build /tmp/zipdeploy/extracted -o /home/site/wwwroot --platform python --platform-version 3.10 -p virtualenv_name=antenv --log-file /tmp/build-debug.log  -i /tmp/8de1d71fa179577 --compress-destination-dir | tee /tmp/oryx-build.log ; exit $PIPESTATUS &quot;" /><!-- duration: 27172ms -->
              <step title="Using PythonDeploymentLogParser" date="2025-11-06T20:21:18.153" /><!-- duration: 14ms -->
              <step title="Modified file to trigger a restart of the app container." date="2025-11-06T20:21:19.456" /><!-- duration: 6ms -->
              <step title="Skip function trigger and logicapp sync because function is not enabled." date="2025-11-06T20:21:19.472" /><!-- duration: 9ms -->
            </step><!-- duration: 30544ms -->
          </step><!-- duration: 30729ms -->
          <step title="Cleaning up temp files" date="2025-11-06T20:21:20.718" /><!-- duration: 532ms -->
          <step title="Cleaning up temp files" date="2025-11-06T20:21:21.255" /><!-- duration: 516ms -->
          <step title="Reloading status file with latest updates" date="2025-11-06T20:21:21.811" >
            <step title="WebHooksManager.PublishEventAsync: PostDeployment" date="2025-11-06T20:21:21.815" /><!-- duration: 39ms -->
          </step><!-- duration: 47ms -->
          <step title="Cleaning up temporary deployment - fetch deployment was successful" date="2025-11-06T20:21:21.866" /><!-- duration: 3ms -->
        </step><!-- duration: 32082ms -->
      </step><!-- duration: 33795ms -->
