<step title="Incoming Request" date="2025-11-06T20:33:58.643" instance="8b0ed3" url="/api/publish?async=true&amp;deployer=GITHUB_ONE_DEPLOY&amp;type=zip&amp;message=%7B%22type%22%3A%22deployment%22%2C%22sha%22%3A%22ad4de8aff0b0bb973797020b13fd3e1dd2796f13%22%2C%22repoName%22%3A%22danielobiri%2Fudacity-cms-proj%22%2C%22actor%22%3A%22danielobiri%22%2C%22slotName%22%3A%22Production%22%2C%22commitMessage%22%3A%22Fix%20views%20import%3A%20uncomment%20views%20import%20to%20load%20routes%22%7D" method="POST" type="request" pid="770,1,27" Host="udacitycms-hsggc0fbb9cpfyav.scm.canadacentral-01.azurewebsites.net" User-Agent="GITHUBACTIONS_DeployWebAppToAzure_039cf66f26274fd3261d790cacecc3c3ba287e91810a3657b032c0e2ae56d580" Authorization="Bea..." Content-Type="application/octet-stream" Cookie="ARRAffinity=8b0ed3a3c940bdd1ba4f195fc5a5d840c1c4311a825c69e6ceb63aace03ae840;Path=/;HttpOnly;Secure;Domain=udacitycms-hsggc0fbb9cpfyav.scm.canadacentral-01.azurewebsites.net; ARRAffinitySameSite=8b0ed3a3c940bdd1ba4f195fc5a5d840c1c4311a825c69e6ceb63aace03ae840;Path=/;HttpOnly;SameSite=None;Secure;Domain=udacitycms-hsggc0fbb9cpfyav.scm.canadacentral-01.azurewebsites.net" Transfer-Encoding="chunked" X-ARR-LOG-ID="860884bf-35be-4549-b09d-128133908cfa" CLIENT-IP="13.83.166.247:16384" X-SITE-DEPLOYMENT-ID="udacitycms" WAS-DEFAULT-HOSTNAME="udacitycms-hsggc0fbb9cpfyav.scm.canadacentral-01.azurewebsites.net" X-Forwarded-Proto="https" X-AppService-Proto="https" X-Forwarded-TlsVersion="1.3" X-WAWS-Unencoded-URL="/api/publish?async=true&amp;deployer=GITHUB_ONE_DEPLOY&amp;type=zip&amp;message=%7B%22type%22%3A%22deployment%22%2C%22sha%22%3A%22ad4de8aff0b0bb973797020b13fd3e1dd2796f13%22%2C%22repoName%22%3A%22danielobiri%2Fudacity-cms-proj%22%2C%22actor%22%3A%22danielobiri%22%2C%22slotName%22%3A%22Production%22%2C%22commitMessage%22%3A%22Fix%20views%20import%3A%20uncomment%20views%20import%20to%20load%20routes%22%7D" X-Client-IP="13.83.166.247" X-Client-Port="16384" >
  <step title="OneDeploy" date="2025-11-06T20:33:58.657" >
    <step title="Starting PushDeployAsync" date="2025-11-06T20:33:58.668" /><!-- duration: 10ms -->
    <step title="Writing artifact to /tmp/zipdeploy/cb34681f-1510-47b4-b0c6-f79da4e428dd.zip" date="2025-11-06T20:33:58.702" >
      <step title="Writing multipart request body to /tmp/zipdeploy/cb34681f-1510-47b4-b0c6-f79da4e428dd.zip" date="2025-11-06T20:33:58.709" /><!-- duration: 20ms -->
    </step><!-- duration: 202ms -->
    <step title="Removing previous build artifact&apos;s manifest file" date="2025-11-06T20:33:58.911" >
      <step title="Start deployment in the background" date="2025-11-06T20:33:58.937" >
        <step title="Acquiring Deployment Lock" date="2025-11-06T20:33:58.960" /><!-- duration: 5ms -->
        <step title="Acquired Deployment Lock" date="2025-11-06T20:33:59.012" /><!-- duration: 5ms -->
      </step><!-- duration: 191ms -->
    </step><!-- duration: 221ms -->
    <step title="Outgoing response" date="2025-11-06T20:33:59.138" type="response" statusCode="202" statusText="Accepted" /><!-- duration: 6ms -->
  </step><!-- duration: 491ms -->
