<step title="Incoming Request" date="2025-11-06T20:20:43.115" instance="8b0ed3" url="/api/publish?async=true&amp;deployer=GITHUB_ONE_DEPLOY&amp;type=zip&amp;message=%7B%22type%22%3A%22deployment%22%2C%22sha%22%3A%227b13af6b6971bdf510c1959673384033256542a8%22%2C%22repoName%22%3A%22danielobiri%2Fudacity-cms-proj%22%2C%22actor%22%3A%22danielobiri%22%2C%22slotName%22%3A%22Production%22%2C%22commitMessage%22%3A%22Merge%20branch%20%27main%27%20of%20https%3A%2F%2Fgithub.com%2Fdanielobiri%2Fudacity-cms-proj%22%7D" method="POST" type="request" pid="767,1,25" Host="udacitycms-hsggc0fbb9cpfyav.scm.canadacentral-01.azurewebsites.net" User-Agent="GITHUBACTIONS_DeployWebAppToAzure_039cf66f26274fd3261d790cacecc3c3ba287e91810a3657b032c0e2ae56d580" Authorization="Bea..." Content-Type="application/octet-stream" Cookie="ARRAffinity=8b0ed3a3c940bdd1ba4f195fc5a5d840c1c4311a825c69e6ceb63aace03ae840;Path=/;HttpOnly;Secure;Domain=udacitycms-hsggc0fbb9cpfyav.scm.canadacentral-01.azurewebsites.net; ARRAffinitySameSite=8b0ed3a3c940bdd1ba4f195fc5a5d840c1c4311a825c69e6ceb63aace03ae840;Path=/;HttpOnly;SameSite=None;Secure;Domain=udacitycms-hsggc0fbb9cpfyav.scm.canadacentral-01.azurewebsites.net" Transfer-Encoding="chunked" X-ARR-LOG-ID="3625af47-1883-4014-b101-1d4505782bbf" CLIENT-IP="172.184.209.178:46096" X-SITE-DEPLOYMENT-ID="udacitycms" WAS-DEFAULT-HOSTNAME="udacitycms-hsggc0fbb9cpfyav.scm.canadacentral-01.azurewebsites.net" X-Forwarded-Proto="https" X-AppService-Proto="https" X-Forwarded-TlsVersion="1.3" X-WAWS-Unencoded-URL="/api/publish?async=true&amp;deployer=GITHUB_ONE_DEPLOY&amp;type=zip&amp;message=%7B%22type%22%3A%22deployment%22%2C%22sha%22%3A%227b13af6b6971bdf510c1959673384033256542a8%22%2C%22repoName%22%3A%22danielobiri%2Fudacity-cms-proj%22%2C%22actor%22%3A%22danielobiri%22%2C%22slotName%22%3A%22Production%22%2C%22commitMessage%22%3A%22Merge%20branch%20%27main%27%20of%20https%3A%2F%2Fgithub.com%2Fdanielobiri%2Fudacity-cms-proj%22%7D" X-Client-IP="172.184.209.178" X-Client-Port="46096" >
  <step title="OneDeploy" date="2025-11-06T20:20:43.299" >
    <step title="Starting PushDeployAsync" date="2025-11-06T20:20:43.314" /><!-- duration: 6ms -->
    <step title="Writing artifact to /tmp/zipdeploy/d350fc41-9e76-4737-ad7b-c428f9dd548e.zip" date="2025-11-06T20:20:43.342" >
      <step title="Writing multipart request body to /tmp/zipdeploy/d350fc41-9e76-4737-ad7b-c428f9dd548e.zip" date="2025-11-06T20:20:43.350" /><!-- duration: 6ms -->
    </step><!-- duration: 582ms -->
    <step title="Removing previous build artifact&apos;s manifest file" date="2025-11-06T20:20:43.937" >
      <step title="Start deployment in the background" date="2025-11-06T20:20:44.058" >
        <step title="Acquiring Deployment Lock" date="2025-11-06T20:20:44.085" /><!-- duration: 5ms -->
        <step title="Acquired Deployment Lock" date="2025-11-06T20:20:44.146" /><!-- duration: 6ms -->
      </step><!-- duration: 216ms -->
    </step><!-- duration: 395ms -->
    <step title="Outgoing response" date="2025-11-06T20:20:44.346" type="response" statusCode="202" statusText="Accepted" /><!-- duration: 6ms -->
  </step><!-- duration: 1058ms -->
