<step title="Incoming Request" date="2025-11-06T22:09:24.754" instance="59351f" url="/api/deployments/latest?deployer=OneDeploy&amp;time=2025-11-06_22-09-18Z" method="GET" type="request" pid="768,1,31" Host="udacitycms-hsggc0fbb9cpfyav.scm.canadacentral-01.azurewebsites.net" User-Agent="GITHUBACTIONS_DeployWebAppToAzure_039cf66f26274fd3261d790cacecc3c3ba287e91810a3657b032c0e2ae56d580" Authorization="Bea..." Content-Type="application/json; charset=utf-8" Cookie="ARRAffinity=59351fa27e3b8ff2edfe6734b7b5bfd768057ef3feaf004e31c03e0b72d93ffe;Path=/;HttpOnly;Secure;Domain=udacitycms-hsggc0fbb9cpfyav.scm.canadacentral-01.azurewebsites.net; ARRAffinitySameSite=59351fa27e3b8ff2edfe6734b7b5bfd768057ef3feaf004e31c03e0b72d93ffe;Path=/;HttpOnly;SameSite=None;Secure;Domain=udacitycms-hsggc0fbb9cpfyav.scm.canadacentral-01.azurewebsites.net" Content-Length="0" X-ARR-LOG-ID="fb88f9f7-426e-43ce-a4f4-92685c756e1b" CLIENT-IP="172.214.44.5:36905" X-SITE-DEPLOYMENT-ID="udacitycms" WAS-DEFAULT-HOSTNAME="udacitycms-hsggc0fbb9cpfyav.scm.canadacentral-01.azurewebsites.net" X-Forwarded-Proto="https" X-AppService-Proto="https" X-Forwarded-TlsVersion="1.3" X-WAWS-Unencoded-URL="/api/deployments/latest?deployer=OneDeploy&amp;time=2025-11-06_22-09-18Z" X-Client-IP="172.214.44.5" X-Client-Port="36905" >
  <step title="Cleanup Xml Logs" date="2025-11-06T22:09:24.761" >
    <step title="Cleanup Infos" date="2025-11-06T22:09:24.834" totalFiles="203" totalCleanup="43" /><!-- duration: 57ms -->
  </step><!-- duration: 173ms -->
  <step title="DeploymentService.GetResult" date="2025-11-06T22:09:24.993" >
    <step title="DeploymentService.GetLatestDeployment" date="2025-11-06T22:09:25.008" >
      <step title="DeploymentManager.GetResults" date="2025-11-06T22:09:25.029" /><!-- duration: 995ms -->
    </step><!-- duration: 1031ms -->
  </step><!-- duration: 1056ms -->
  <step title="Outgoing response" date="2025-11-06T22:09:26.069" type="response" statusCode="202" statusText="Accepted" /><!-- duration: 6ms -->
</step><!-- duration: 1328ms -->
