<step title="Incoming Request" date="2025-11-06T22:09:56.948" instance="59351f" url="/api/deployments/latest?deployer=OneDeploy&amp;time=2025-11-06_22-09-18Z" method="GET" type="request" pid="768,1,31" Host="udacitycms-hsggc0fbb9cpfyav.scm.canadacentral-01.azurewebsites.net" User-Agent="GITHUBACTIONS_DeployWebAppToAzure_039cf66f26274fd3261d790cacecc3c3ba287e91810a3657b032c0e2ae56d580" Authorization="Bea..." Content-Type="application/json; charset=utf-8" Cookie="ARRAffinity=59351fa27e3b8ff2edfe6734b7b5bfd768057ef3feaf004e31c03e0b72d93ffe;Path=/;HttpOnly;Secure;Domain=udacitycms-hsggc0fbb9cpfyav.scm.canadacentral-01.azurewebsites.net; ARRAffinitySameSite=59351fa27e3b8ff2edfe6734b7b5bfd768057ef3feaf004e31c03e0b72d93ffe;Path=/;HttpOnly;SameSite=None;Secure;Domain=udacitycms-hsggc0fbb9cpfyav.scm.canadacentral-01.azurewebsites.net" Content-Length="0" X-ARR-LOG-ID="61da2730-c6dd-4092-b067-d5a27bd2685a" CLIENT-IP="172.214.44.5:36904" X-SITE-DEPLOYMENT-ID="udacitycms" WAS-DEFAULT-HOSTNAME="udacitycms-hsggc0fbb9cpfyav.scm.canadacentral-01.azurewebsites.net" X-Forwarded-Proto="https" X-AppService-Proto="https" X-Forwarded-TlsVersion="1.3" X-WAWS-Unencoded-URL="/api/deployments/latest?deployer=OneDeploy&amp;time=2025-11-06_22-09-18Z" X-Client-IP="172.214.44.5" X-Client-Port="36904" >
  <step title="Cleanup Xml Logs" date="2025-11-06T22:09:56.955" >
    <step title="Cleanup Infos" date="2025-11-06T22:09:56.977" totalFiles="208" totalCleanup="48" /><!-- duration: 10ms -->
  </step><!-- duration: 38ms -->
  <step title="DeploymentService.GetResult" date="2025-11-06T22:09:57.016" >
    <step title="DeploymentService.GetLatestDeployment" date="2025-11-06T22:09:57.032" >
      <step title="DeploymentManager.GetResults" date="2025-11-06T22:09:57.040" /><!-- duration: 571ms -->
    </step><!-- duration: 585ms -->
  </step><!-- duration: 608ms -->
  <step title="Outgoing response" date="2025-11-06T22:09:57.631" type="response" statusCode="202" statusText="Accepted" /><!-- duration: 14ms -->
</step><!-- duration: 703ms -->
