<step title="BackgroundTrace" date="2025-11-06T20:24:01.241" instance="8b0ed3" url="/api/publish" method="POST" >
  <step title="Creating temporary deployment - FetchDeploymentManager" date="2025-11-06T20:24:01.316" /><!-- duration: 5ms -->
  <step title="Creating temporary deployment" date="2025-11-06T20:24:01.327" /><!-- duration: 81ms -->
  <step title="Performing fetch based deployment" date="2025-11-06T20:24:01.444" >
    <step title="Cleaning up temp folders from previous zip deployments and extracting pushed zip file /tmp/zipdeploy/312583e4-3add-453c-aff6-6f2e3a010b3e.zip (1.50 MB) to /tmp/zipdeploy/extracted" date="2025-11-06T20:24:02.599" >
      <step title="ChmodRecursive Process exited with total time taken in ms: 197" date="2025-11-06T20:24:03.081" /><!-- duration: 5ms -->
    </step><!-- duration: 491ms -->
    <step title="Deployment timer started" date="2025-11-06T20:24:05.109" >
      <step title="DeploymentManager.Deploy(id:65175240-5b82-4735-9503-7e317794aa17)" date="2025-11-06T20:24:05.116" >
        <step title="Collecting changeset information" date="2025-11-06T20:24:05.136" /><!-- duration: 77ms -->
        <step title="Updating submodules" date="2025-11-06T20:24:05.221" /><!-- duration: 1132ms -->
        <step title="Determining deployment builder" date="2025-11-06T20:24:06.608" >
          <step title="Builder is OryxBuilder" date="2025-11-06T20:24:06.625" /><!-- duration: 4ms -->
        </step><!-- duration: 26ms -->
        <step title="PreDeployment: context.CleanOutputPath False" date="2025-11-06T20:24:06.694" >
          <step title="PreDeployment: context.OutputPath /home/site/wwwroot" date="2025-11-06T20:24:06.821" >
            <step title="Building" date="2025-11-06T20:24:06.970" >
              <step title="Executing external process" date="2025-11-06T20:24:07.304" type="process" path="bash" arguments="-c &quot;oryx build /tmp/zipdeploy/extracted -o /home/site/wwwroot --platform python --platform-version 3.10 -p virtualenv_name=antenv --log-file /tmp/build-debug.log  -i /tmp/8de1d726f71edcb --compress-destination-dir | tee /tmp/oryx-build.log ; exit $PIPESTATUS &quot;" /><!-- duration: 27003ms -->
              <step title="Using PythonDeploymentLogParser" date="2025-11-06T20:24:34.711" /><!-- duration: 12ms -->
              <step title="Modified file to trigger a restart of the app container." date="2025-11-06T20:24:35.896" /><!-- duration: 6ms -->
              <step title="Skip function trigger and logicapp sync because function is not enabled." date="2025-11-06T20:24:35.906" /><!-- duration: 4ms -->
            </step><!-- duration: 30326ms -->
          </step><!-- duration: 30487ms -->
          <step title="Cleaning up temp files" date="2025-11-06T20:24:37.314" /><!-- duration: 307ms -->
          <step title="Cleaning up temp files" date="2025-11-06T20:24:37.624" /><!-- duration: 509ms -->
          <step title="Reloading status file with latest updates" date="2025-11-06T20:24:38.167" >
            <step title="WebHooksManager.PublishEventAsync: PostDeployment" date="2025-11-06T20:24:38.172" /><!-- duration: 28ms -->
          </step><!-- duration: 38ms -->
          <step title="Cleaning up temporary deployment - fetch deployment was successful" date="2025-11-06T20:24:38.215" /><!-- duration: 5ms -->
        </step><!-- duration: 31603ms -->
      </step><!-- duration: 33203ms -->
