<step title="Incoming Request" date="2025-11-06T22:20:48.495" instance="59351f" url="/api/publish?async=true&amp;deployer=GITHUB_ONE_DEPLOY&amp;type=zip&amp;message=%7B%22type%22%3A%22deployment%22%2C%22sha%22%3A%2214eaf60925f8312060a3c412055cd419428901b3%22%2C%22repoName%22%3A%22danielobiri%2Fudacity-cms-proj%22%2C%22actor%22%3A%22danielobiri%22%2C%22slotName%22%3A%22Production%22%2C%22commitMessage%22%3A%22Delete%20webapp-logs.zip%22%7D" method="POST" type="request" pid="768,1,24" Host="udacitycms-hsggc0fbb9cpfyav.scm.canadacentral-01.azurewebsites.net" User-Agent="GITHUBACTIONS_DeployWebAppToAzure_039cf66f26274fd3261d790cacecc3c3ba287e91810a3657b032c0e2ae56d580" Authorization="Bea..." Content-Type="application/octet-stream" Cookie="ARRAffinity=59351fa27e3b8ff2edfe6734b7b5bfd768057ef3feaf004e31c03e0b72d93ffe;Path=/;HttpOnly;Secure;Domain=udacitycms-hsggc0fbb9cpfyav.scm.canadacentral-01.azurewebsites.net; ARRAffinitySameSite=59351fa27e3b8ff2edfe6734b7b5bfd768057ef3feaf004e31c03e0b72d93ffe;Path=/;HttpOnly;SameSite=None;Secure;Domain=udacitycms-hsggc0fbb9cpfyav.scm.canadacentral-01.azurewebsites.net" Transfer-Encoding="chunked" X-ARR-LOG-ID="2c8395f1-2b31-4d59-b904-0e14bd50afc4" CLIENT-IP="172.184.214.212:4136" X-SITE-DEPLOYMENT-ID="udacitycms" WAS-DEFAULT-HOSTNAME="udacitycms-hsggc0fbb9cpfyav.scm.canadacentral-01.azurewebsites.net" X-Forwarded-Proto="https" X-AppService-Proto="https" X-Forwarded-TlsVersion="1.3" X-WAWS-Unencoded-URL="/api/publish?async=true&amp;deployer=GITHUB_ONE_DEPLOY&amp;type=zip&amp;message=%7B%22type%22%3A%22deployment%22%2C%22sha%22%3A%2214eaf60925f8312060a3c412055cd419428901b3%22%2C%22repoName%22%3A%22danielobiri%2Fudacity-cms-proj%22%2C%22actor%22%3A%22danielobiri%22%2C%22slotName%22%3A%22Production%22%2C%22commitMessage%22%3A%22Delete%20webapp-logs.zip%22%7D" X-Client-IP="172.184.214.212" X-Client-Port="4136" >
  <step title="OneDeploy" date="2025-11-06T22:20:48.539" >
    <step title="None repository commit" date="2025-11-06T22:20:48.561" >
      <step title="Commit id: 059f8e54-d85e-4f29-8fd2-1a5b4689a863" date="2025-11-06T22:20:48.570" Message="N/A" AuthorName="N/A" AuthorEmail="N/A" /><!-- duration: 5ms -->
    </step><!-- duration: 21ms -->
    <step title="Starting PushDeployAsync" date="2025-11-06T22:20:48.590" /><!-- duration: 6ms -->
    <step title="Writing artifact to /tmp/zipdeploy/57512839-647e-4dbc-9b21-d286afe30c68.zip" date="2025-11-06T22:20:48.624" >
      <step title="Writing multipart request body to /tmp/zipdeploy/57512839-647e-4dbc-9b21-d286afe30c68.zip" date="2025-11-06T22:20:48.629" /><!-- duration: 5ms -->
    </step><!-- duration: 176ms -->
    <step title="Removing previous build artifact&apos;s manifest file" date="2025-11-06T22:20:48.810" >
      <step title="Start deployment in the background" date="2025-11-06T22:20:48.865" >
        <step title="Acquiring Deployment Lock" date="2025-11-06T22:20:48.884" /><!-- duration: 10ms -->
        <step title="Acquired Deployment Lock" date="2025-11-06T22:20:48.943" /><!-- duration: 5ms -->
      </step><!-- duration: 179ms -->
    </step><!-- duration: 242ms -->
    <step title="Outgoing response" date="2025-11-06T22:20:49.062" type="response" statusCode="202" statusText="Accepted" /><!-- duration: 7ms -->
  </step><!-- duration: 536ms -->
