<step title="Incoming Request" date="2025-11-06T21:10:15.009" instance="59351f" url="/api/publish?async=true&amp;deployer=GITHUB_ONE_DEPLOY&amp;type=zip&amp;message=%7B%22type%22%3A%22deployment%22%2C%22sha%22%3A%228be89745340918cbfa3775c2e7c5b69a78891a07%22%2C%22repoName%22%3A%22danielobiri%2Fudacity-cms-proj%22%2C%22actor%22%3A%22danielobiri%22%2C%22slotName%22%3A%22Production%22%2C%22commitMessage%22%3A%22Fix%20Flask-SQLAlchemy%20compatibility%20issue%20-%20downgrade%20to%202.4.4%22%7D" method="POST" type="request" pid="768,1,22" Host="udacitycms-hsggc0fbb9cpfyav.scm.canadacentral-01.azurewebsites.net" User-Agent="GITHUBACTIONS_DeployWebAppToAzure_039cf66f26274fd3261d790cacecc3c3ba287e91810a3657b032c0e2ae56d580" Authorization="Bea..." Content-Type="application/octet-stream" Cookie="ARRAffinity=59351fa27e3b8ff2edfe6734b7b5bfd768057ef3feaf004e31c03e0b72d93ffe;Path=/;HttpOnly;Secure;Domain=udacitycms-hsggc0fbb9cpfyav.scm.canadacentral-01.azurewebsites.net; ARRAffinitySameSite=59351fa27e3b8ff2edfe6734b7b5bfd768057ef3feaf004e31c03e0b72d93ffe;Path=/;HttpOnly;SameSite=None;Secure;Domain=udacitycms-hsggc0fbb9cpfyav.scm.canadacentral-01.azurewebsites.net" Transfer-Encoding="chunked" X-ARR-LOG-ID="8a17d304-e112-4b69-9615-2239bbc90879" CLIENT-IP="52.165.251.240:50176" X-SITE-DEPLOYMENT-ID="udacitycms" WAS-DEFAULT-HOSTNAME="udacitycms-hsggc0fbb9cpfyav.scm.canadacentral-01.azurewebsites.net" X-Forwarded-Proto="https" X-AppService-Proto="https" X-Forwarded-TlsVersion="1.3" X-WAWS-Unencoded-URL="/api/publish?async=true&amp;deployer=GITHUB_ONE_DEPLOY&amp;type=zip&amp;message=%7B%22type%22%3A%22deployment%22%2C%22sha%22%3A%228be89745340918cbfa3775c2e7c5b69a78891a07%22%2C%22repoName%22%3A%22danielobiri%2Fudacity-cms-proj%22%2C%22actor%22%3A%22danielobiri%22%2C%22slotName%22%3A%22Production%22%2C%22commitMessage%22%3A%22Fix%20Flask-SQLAlchemy%20compatibility%20issue%20-%20downgrade%20to%202.4.4%22%7D" X-Client-IP="52.165.251.240" X-Client-Port="50176" >
  <step title="OneDeploy" date="2025-11-06T21:10:15.067" >
    <step title="None repository commit" date="2025-11-06T21:10:15.089" >
      <step title="Commit id: 4e5cb53e-b15f-40bf-8f15-ef58b112bd65" date="2025-11-06T21:10:15.102" Message="N/A" AuthorName="N/A" AuthorEmail="N/A" /><!-- duration: 8ms -->
    </step><!-- duration: 30ms -->
    <step title="Starting PushDeployAsync" date="2025-11-06T21:10:15.126" /><!-- duration: 6ms -->
    <step title="Writing artifact to /tmp/zipdeploy/5dbf401f-eaeb-40d6-9d10-37f7e7b44beb.zip" date="2025-11-06T21:10:15.151" >
      <step title="Writing multipart request body to /tmp/zipdeploy/5dbf401f-eaeb-40d6-9d10-37f7e7b44beb.zip" date="2025-11-06T21:10:15.159" /><!-- duration: 9ms -->
    </step><!-- duration: 66ms -->
    <step title="Removing previous build artifact&apos;s manifest file" date="2025-11-06T21:10:15.236" >
      <step title="Start deployment in the background" date="2025-11-06T21:10:15.257" >
        <step title="Acquiring Deployment Lock" date="2025-11-06T21:10:15.276" /><!-- duration: 7ms -->
        <step title="Acquired Deployment Lock" date="2025-11-06T21:10:15.332" /><!-- duration: 13ms -->
      </step><!-- duration: 684ms -->
    </step><!-- duration: 712ms -->
    <step title="Outgoing response" date="2025-11-06T21:10:15.960" type="response" statusCode="202" statusText="Accepted" /><!-- duration: 6ms -->
  </step><!-- duration: 908ms -->
