<step title="Incoming Request" date="2025-11-06T22:36:37.811" instance="59351f" url="/api/deployments/latest?deployer=OneDeploy&amp;time=2025-11-06_22-36-01Z" method="GET" type="request" pid="768,1,41" Host="udacitycms-hsggc0fbb9cpfyav.scm.canadacentral-01.azurewebsites.net" User-Agent="GITHUBACTIONS_DeployWebAppToAzure_039cf66f26274fd3261d790cacecc3c3ba287e91810a3657b032c0e2ae56d580" Authorization="Bea..." Content-Type="application/json; charset=utf-8" Cookie="ARRAffinity=59351fa27e3b8ff2edfe6734b7b5bfd768057ef3feaf004e31c03e0b72d93ffe;Path=/;HttpOnly;Secure;Domain=udacitycms-hsggc0fbb9cpfyav.scm.canadacentral-01.azurewebsites.net; ARRAffinitySameSite=59351fa27e3b8ff2edfe6734b7b5bfd768057ef3feaf004e31c03e0b72d93ffe;Path=/;HttpOnly;SameSite=None;Secure;Domain=udacitycms-hsggc0fbb9cpfyav.scm.canadacentral-01.azurewebsites.net" Content-Length="0" X-ARR-LOG-ID="5bf4ef3d-76a3-480c-ad30-6440822f2854" CLIENT-IP="52.173.181.24:43008" X-SITE-DEPLOYMENT-ID="udacitycms" WAS-DEFAULT-HOSTNAME="udacitycms-hsggc0fbb9cpfyav.scm.canadacentral-01.azurewebsites.net" X-Forwarded-Proto="https" X-AppService-Proto="https" X-Forwarded-TlsVersion="1.3" X-WAWS-Unencoded-URL="/api/deployments/latest?deployer=OneDeploy&amp;time=2025-11-06_22-36-01Z" X-Client-IP="52.173.181.24" X-Client-Port="43008" >
  <step title="Cleanup Xml Logs" date="2025-11-06T22:36:37.819" >
    <step title="Cleanup Infos" date="2025-11-06T22:36:37.842" totalFiles="237" totalCleanup="77" /><!-- duration: 14ms -->
  </step><!-- duration: 46ms -->
  <step title="DeploymentService.GetResult" date="2025-11-06T22:36:37.894" >
    <step title="DeploymentService.GetLatestDeployment" date="2025-11-06T22:36:37.903" >
      <step title="DeploymentManager.GetResults" date="2025-11-06T22:36:37.912" /><!-- duration: 426ms -->
    </step><!-- duration: 443ms -->
  </step><!-- duration: 458ms -->
  <step title="Outgoing response" date="2025-11-06T22:36:38.361" type="response" statusCode="202" statusText="Accepted" /><!-- duration: 9ms -->
</step><!-- duration: 565ms -->
