<step title="BackgroundTrace" date="2025-11-06T20:28:21.632" instance="8b0ed3" url="/api/publish" method="POST" >
  <step title="Creating temporary deployment - FetchDeploymentManager" date="2025-11-06T20:28:21.906" /><!-- duration: 3ms -->
  <step title="Creating temporary deployment" date="2025-11-06T20:28:21.921" /><!-- duration: 139ms -->
  <step title="Performing fetch based deployment" date="2025-11-06T20:28:22.129" >
    <step title="Cleaning up temp folders from previous zip deployments and extracting pushed zip file /tmp/zipdeploy/6fcdb928-144b-4718-b723-8e92b45b6a96.zip (1.50 MB) to /tmp/zipdeploy/extracted" date="2025-11-06T20:28:23.345" >
      <step title="ChmodRecursive Process exited with total time taken in ms: 42" date="2025-11-06T20:28:23.474" /><!-- duration: 8ms -->
    </step><!-- duration: 141ms -->
    <step title="Deployment timer started" date="2025-11-06T20:28:25.511" >
      <step title="DeploymentManager.Deploy(id:aeb320a2-d2b1-4f42-822b-cafe6996a163)" date="2025-11-06T20:28:25.520" >
        <step title="Collecting changeset information" date="2025-11-06T20:28:25.543" /><!-- duration: 339ms -->
        <step title="Updating submodules" date="2025-11-06T20:28:25.890" /><!-- duration: 1146ms -->
        <step title="Determining deployment builder" date="2025-11-06T20:28:27.282" >
          <step title="Builder is OryxBuilder" date="2025-11-06T20:28:27.316" /><!-- duration: 9ms -->
        </step><!-- duration: 49ms -->
        <step title="PreDeployment: context.CleanOutputPath False" date="2025-11-06T20:28:27.399" >
          <step title="PreDeployment: context.OutputPath /home/site/wwwroot" date="2025-11-06T20:28:27.543" >
            <step title="Building" date="2025-11-06T20:28:27.685" >
              <step title="Executing external process" date="2025-11-06T20:28:28.032" type="process" path="bash" arguments="-c &quot;oryx build /tmp/zipdeploy/extracted -o /home/site/wwwroot --platform python --platform-version 3.10 -p virtualenv_name=antenv --log-file /tmp/build-debug.log  -i /tmp/8de1d730ad61e70 --compress-destination-dir | tee /tmp/oryx-build.log ; exit $PIPESTATUS &quot;" /><!-- duration: 40910ms -->
              <step title="Using PythonDeploymentLogParser" date="2025-11-06T20:29:09.494" /><!-- duration: 4ms -->
              <step title="Modified file to trigger a restart of the app container." date="2025-11-06T20:29:10.795" /><!-- duration: 14ms -->
              <step title="Skip function trigger and logicapp sync because function is not enabled." date="2025-11-06T20:29:10.814" /><!-- duration: 5ms -->
            </step><!-- duration: 44052ms -->
          </step><!-- duration: 44202ms -->
          <step title="Cleaning up temp files" date="2025-11-06T20:29:11.755" /><!-- duration: 338ms -->
          <step title="Cleaning up temp files" date="2025-11-06T20:29:12.105" /><!-- duration: 505ms -->
          <step title="Reloading status file with latest updates" date="2025-11-06T20:29:12.662" >
            <step title="WebHooksManager.PublishEventAsync: PostDeployment" date="2025-11-06T20:29:12.668" /><!-- duration: 46ms -->
          </step><!-- duration: 56ms -->
          <step title="Cleaning up temporary deployment - fetch deployment was successful" date="2025-11-06T20:29:12.728" /><!-- duration: 6ms -->
        </step><!-- duration: 45392ms -->
      </step><!-- duration: 47292ms -->
