<step title="BackgroundTrace" date="2025-11-06T22:20:48.873" instance="59351f" url="/api/publish" method="POST" >
  <step title="Creating temporary deployment - FetchDeploymentManager" date="2025-11-06T22:20:48.954" /><!-- duration: 4ms -->
  <step title="Creating temporary deployment" date="2025-11-06T22:20:48.965" /><!-- duration: 74ms -->
  <step title="Performing fetch based deployment" date="2025-11-06T22:20:49.089" >
    <step title="Cleaning up temp folders from previous zip deployments and extracting pushed zip file /tmp/zipdeploy/57512839-647e-4dbc-9b21-d286afe30c68.zip (1.62 MB) to /tmp/zipdeploy/extracted" date="2025-11-06T22:20:50.299" >
      <step title="ChmodRecursive Process exited with total time taken in ms: 150" date="2025-11-06T22:20:50.518" /><!-- duration: 10ms -->
    </step><!-- duration: 236ms -->
    <step title="Deployment timer started" date="2025-11-06T22:20:52.558" >
      <step title="DeploymentManager.Deploy(id:059f8e54-d85e-4f29-8fd2-1a5b4689a863)" date="2025-11-06T22:20:52.569" >
        <step title="Collecting changeset information" date="2025-11-06T22:20:52.590" /><!-- duration: 98ms -->
        <step title="Updating submodules" date="2025-11-06T22:20:52.705" /><!-- duration: 1172ms -->
        <step title="Determining deployment builder" date="2025-11-06T22:20:54.143" >
          <step title="Builder is OryxBuilder" date="2025-11-06T22:20:54.164" /><!-- duration: 6ms -->
        </step><!-- duration: 33ms -->
        <step title="PreDeployment: context.CleanOutputPath False" date="2025-11-06T22:20:54.239" >
          <step title="PreDeployment: context.OutputPath /home/site/wwwroot" date="2025-11-06T22:20:54.369" >
            <step title="Building" date="2025-11-06T22:20:54.516" >
              <step title="Executing external process" date="2025-11-06T22:20:54.857" type="process" path="bash" arguments="-c &quot;oryx build /tmp/zipdeploy/extracted -o /home/site/wwwroot --platform python --platform-version 3.10 -p virtualenv_name=antenv --log-file /tmp/build-debug.log  -i /tmp/8de1d82c043cc80 --compress-destination-dir | tee /tmp/oryx-build.log ; exit $PIPESTATUS &quot;" /><!-- duration: 53532ms -->
              <step title="Using PythonDeploymentLogParser" date="2025-11-06T22:21:49.293" /><!-- duration: 14ms -->
              <step title="Modified file to trigger a restart of the app container." date="2025-11-06T22:21:50.574" /><!-- duration: 10ms -->
              <step title="Skip function trigger and logicapp sync because function is not enabled." date="2025-11-06T22:21:50.592" /><!-- duration: 7ms -->
            </step><!-- duration: 57398ms -->
          </step><!-- duration: 57559ms -->
          <step title="Cleaning up temp files" date="2025-11-06T22:21:51.935" /><!-- duration: 2087ms -->
          <step title="Cleaning up temp files" date="2025-11-06T22:21:54.031" /><!-- duration: 551ms -->
          <step title="Reloading status file with latest updates" date="2025-11-06T22:21:54.619" >
            <step title="WebHooksManager.PublishEventAsync: PostDeployment" date="2025-11-06T22:21:54.627" /><!-- duration: 87ms -->
          </step><!-- duration: 103ms -->
          <step title="Cleaning up temporary deployment - fetch deployment was successful" date="2025-11-06T22:21:54.734" /><!-- duration: 6ms -->
        </step><!-- duration: 60566ms -->
      </step><!-- duration: 62271ms -->
