<step title="Incoming Request" date="2025-11-06T22:36:01.284" instance="59351f" url="/api/publish?async=true&amp;deployer=GITHUB_ONE_DEPLOY&amp;type=zip&amp;message=%7B%22type%22%3A%22deployment%22%2C%22sha%22%3A%22d1ccf8b55132883439f0e868a41e648a72c3ba30%22%2C%22repoName%22%3A%22danielobiri%2Fudacity-cms-proj%22%2C%22actor%22%3A%22danielobiri%22%2C%22slotName%22%3A%22Production%22%2C%22commitMessage%22%3A%22Merge%20branch%20%27main%27%20of%20https%3A%2F%2Fgithub.com%2Fdanielobiri%2Fudacity-cms-proj%22%7D" method="POST" type="request" pid="768,1,42" Host="udacitycms-hsggc0fbb9cpfyav.scm.canadacentral-01.azurewebsites.net" User-Agent="GITHUBACTIONS_DeployWebAppToAzure_039cf66f26274fd3261d790cacecc3c3ba287e91810a3657b032c0e2ae56d580" Authorization="Bea..." Content-Type="application/octet-stream" Cookie="ARRAffinity=59351fa27e3b8ff2edfe6734b7b5bfd768057ef3feaf004e31c03e0b72d93ffe;Path=/;HttpOnly;Secure;Domain=udacitycms-hsggc0fbb9cpfyav.scm.canadacentral-01.azurewebsites.net; ARRAffinitySameSite=59351fa27e3b8ff2edfe6734b7b5bfd768057ef3feaf004e31c03e0b72d93ffe;Path=/;HttpOnly;SameSite=None;Secure;Domain=udacitycms-hsggc0fbb9cpfyav.scm.canadacentral-01.azurewebsites.net" Transfer-Encoding="chunked" X-ARR-LOG-ID="11789c70-143a-4ca9-a878-2678d3fcc8f8" CLIENT-IP="52.173.181.24:43008" X-SITE-DEPLOYMENT-ID="udacitycms" WAS-DEFAULT-HOSTNAME="udacitycms-hsggc0fbb9cpfyav.scm.canadacentral-01.azurewebsites.net" X-Forwarded-Proto="https" X-AppService-Proto="https" X-Forwarded-TlsVersion="1.3" X-WAWS-Unencoded-URL="/api/publish?async=true&amp;deployer=GITHUB_ONE_DEPLOY&amp;type=zip&amp;message=%7B%22type%22%3A%22deployment%22%2C%22sha%22%3A%22d1ccf8b55132883439f0e868a41e648a72c3ba30%22%2C%22repoName%22%3A%22danielobiri%2Fudacity-cms-proj%22%2C%22actor%22%3A%22danielobiri%22%2C%22slotName%22%3A%22Production%22%2C%22commitMessage%22%3A%22Merge%20branch%20%27main%27%20of%20https%3A%2F%2Fgithub.com%2Fdanielobiri%2Fudacity-cms-proj%22%7D" X-Client-IP="52.173.181.24" X-Client-Port="43008" >
  <step title="OneDeploy" date="2025-11-06T22:36:01.472" >
    <step title="Starting PushDeployAsync" date="2025-11-06T22:36:01.497" /><!-- duration: 8ms -->
    <step title="Writing artifact to /tmp/zipdeploy/67e72bd1-70fe-42c5-b7de-2ddb1a2a126f.zip" date="2025-11-06T22:36:01.529" >
      <step title="Writing multipart request body to /tmp/zipdeploy/67e72bd1-70fe-42c5-b7de-2ddb1a2a126f.zip" date="2025-11-06T22:36:01.541" /><!-- duration: 8ms -->
    </step><!-- duration: 51ms -->
    <step title="Removing previous build artifact&apos;s manifest file" date="2025-11-06T22:36:01.591" >
      <step title="Start deployment in the background" date="2025-11-06T22:36:01.610" >
        <step title="Acquiring Deployment Lock" date="2025-11-06T22:36:01.660" /><!-- duration: 9ms -->
        <step title="Acquired Deployment Lock" date="2025-11-06T22:36:01.719" /><!-- duration: 7ms -->
      </step><!-- duration: 279ms -->
    </step><!-- duration: 327ms -->
    <step title="Outgoing response" date="2025-11-06T22:36:01.925" type="response" statusCode="202" statusText="Accepted" /><!-- duration: 5ms -->
  </step><!-- duration: 465ms -->
