<step title="Incoming Request" date="2025-11-06T22:09:50.781" instance="59351f" url="/api/deployments/latest?deployer=OneDeploy&amp;time=2025-11-06_22-09-18Z" method="GET" type="request" pid="768,1,37" Host="udacitycms-hsggc0fbb9cpfyav.scm.canadacentral-01.azurewebsites.net" User-Agent="GITHUBACTIONS_DeployWebAppToAzure_039cf66f26274fd3261d790cacecc3c3ba287e91810a3657b032c0e2ae56d580" Authorization="Bea..." Content-Type="application/json; charset=utf-8" Cookie="ARRAffinity=59351fa27e3b8ff2edfe6734b7b5bfd768057ef3feaf004e31c03e0b72d93ffe;Path=/;HttpOnly;Secure;Domain=udacitycms-hsggc0fbb9cpfyav.scm.canadacentral-01.azurewebsites.net; ARRAffinitySameSite=59351fa27e3b8ff2edfe6734b7b5bfd768057ef3feaf004e31c03e0b72d93ffe;Path=/;HttpOnly;SameSite=None;Secure;Domain=udacitycms-hsggc0fbb9cpfyav.scm.canadacentral-01.azurewebsites.net" Content-Length="0" X-ARR-LOG-ID="6dff3675-9786-47cb-afbd-a9a8ddd836f1" CLIENT-IP="172.214.44.5:36905" X-SITE-DEPLOYMENT-ID="udacitycms" WAS-DEFAULT-HOSTNAME="udacitycms-hsggc0fbb9cpfyav.scm.canadacentral-01.azurewebsites.net" X-Forwarded-Proto="https" X-AppService-Proto="https" X-Forwarded-TlsVersion="1.3" X-WAWS-Unencoded-URL="/api/deployments/latest?deployer=OneDeploy&amp;time=2025-11-06_22-09-18Z" X-Client-IP="172.214.44.5" X-Client-Port="36905" >
  <step title="Cleanup Xml Logs" date="2025-11-06T22:09:50.792" >
    <step title="Cleanup Infos" date="2025-11-06T22:09:50.834" totalFiles="207" totalCleanup="47" /><!-- duration: 17ms -->
  </step><!-- duration: 289ms -->
  <step title="DeploymentService.GetResult" date="2025-11-06T22:09:51.095" >
    <step title="DeploymentService.GetLatestDeployment" date="2025-11-06T22:09:51.103" >
      <step title="DeploymentManager.GetResults" date="2025-11-06T22:09:51.112" /><!-- duration: 689ms -->
    </step><!-- duration: 708ms -->
  </step><!-- duration: 723ms -->
  <step title="Outgoing response" date="2025-11-06T22:09:51.826" type="response" statusCode="202" statusText="Accepted" /><!-- duration: 7ms -->
</step><!-- duration: 1059ms -->
