<step title="BackgroundTrace" date="2025-11-06T22:09:18.149" instance="59351f" url="/api/publish" method="POST" >
  <step title="Creating temporary deployment - FetchDeploymentManager" date="2025-11-06T22:09:18.257" /><!-- duration: 5ms -->
  <step title="Creating temporary deployment" date="2025-11-06T22:09:18.277" /><!-- duration: 147ms -->
  <step title="Performing fetch based deployment" date="2025-11-06T22:09:18.493" >
    <step title="Cleaning up temp folders from previous zip deployments and extracting pushed zip file /tmp/zipdeploy/9133b99f-59d6-42bc-9e9b-8fd46a85ed4f.zip (1.67 MB) to /tmp/zipdeploy/extracted" date="2025-11-06T22:09:19.776" >
      <step title="ChmodRecursive Process exited with total time taken in ms: 77" date="2025-11-06T22:09:20.568" /><!-- duration: 8ms -->
    </step><!-- duration: 807ms -->
    <step title="Deployment timer started" date="2025-11-06T22:09:22.615" >
      <step title="DeploymentManager.Deploy(id:6d9d9433-8d05-42a6-9558-ad87d6d13b35)" date="2025-11-06T22:09:22.625" >
        <step title="Collecting changeset information" date="2025-11-06T22:09:22.652" /><!-- duration: 130ms -->
        <step title="Updating submodules" date="2025-11-06T22:09:22.794" /><!-- duration: 1170ms -->
        <step title="Determining deployment builder" date="2025-11-06T22:09:24.318" >
          <step title="Builder is OryxBuilder" date="2025-11-06T22:09:24.338" /><!-- duration: 6ms -->
        </step><!-- duration: 41ms -->
        <step title="PreDeployment: context.CleanOutputPath False" date="2025-11-06T22:09:24.433" >
          <step title="PreDeployment: context.OutputPath /home/site/wwwroot" date="2025-11-06T22:09:24.592" >
            <step title="Building" date="2025-11-06T22:09:24.804" >
              <step title="Executing external process" date="2025-11-06T22:09:25.257" type="process" path="bash" arguments="-c &quot;oryx build /tmp/zipdeploy/extracted -o /home/site/wwwroot --platform python --platform-version 3.10 -p virtualenv_name=antenv --log-file /tmp/build-debug.log  -i /tmp/8de1d81251a6aef --compress-destination-dir | tee /tmp/oryx-build.log ; exit $PIPESTATUS &quot;" /><!-- duration: 32313ms -->
              <step title="Using PythonDeploymentLogParser" date="2025-11-06T22:09:58.276" /><!-- duration: 11ms -->
              <step title="Modified file to trigger a restart of the app container." date="2025-11-06T22:10:00.265" /><!-- duration: 8ms -->
              <step title="Skip function trigger and logicapp sync because function is not enabled." date="2025-11-06T22:10:00.284" /><!-- duration: 13ms -->
            </step><!-- duration: 36558ms -->
          </step><!-- duration: 36784ms -->
          <step title="Cleaning up temp files" date="2025-11-06T22:10:01.382" >
            <step title="Error occurred" date="2025-11-06T22:10:03.441" type="error" text="Deployment has been stopped due to SCM container restart. The restart can happen due to a management operation on site. Do not perform a management operation and a deployment operation in quick succession. Adding a small delay can help avoid any conflicts." /><!-- duration: 11ms -->
          </step><!-- duration: 2189ms -->
          <step title="Cleaning up temp files" date="2025-11-06T22:10:03.580" /><!-- duration: 591ms -->
          <step title="Reloading status file with latest updates" date="2025-11-06T22:10:04.531" >
            <step title="WebHooksManager.PublishEventAsync: PostDeployment" date="2025-11-06T22:10:04.541" /><!-- duration: 138ms -->
          </step><!-- duration: 156ms -->
          <step title="Cleaning up temporary deployment - fetch deployment was successful" date="2025-11-06T22:10:04.698" /><!-- duration: 6ms -->
        </step><!-- duration: 40342ms -->
      </step><!-- duration: 42176ms -->
