<step title="BackgroundTrace" date="2025-11-06T22:36:01.642" instance="59351f" url="/api/publish" method="POST" >
  <step title="Creating temporary deployment - FetchDeploymentManager" date="2025-11-06T22:36:01.734" /><!-- duration: 8ms -->
  <step title="Creating temporary deployment" date="2025-11-06T22:36:01.754" /><!-- duration: 124ms -->
  <step title="Performing fetch based deployment" date="2025-11-06T22:36:01.951" >
    <step title="Cleaning up temp folders from previous zip deployments and extracting pushed zip file /tmp/zipdeploy/67e72bd1-70fe-42c5-b7de-2ddb1a2a126f.zip (1.62 MB) to /tmp/zipdeploy/extracted" date="2025-11-06T22:36:03.187" >
      <step title="ChmodRecursive Process exited with total time taken in ms: 150" date="2025-11-06T22:36:03.461" /><!-- duration: 6ms -->
    </step><!-- duration: 301ms -->
    <step title="Deployment timer started" date="2025-11-06T22:36:05.627" >
      <step title="DeploymentManager.Deploy(id:2d9ff0f7-8dde-4c35-a00e-7339ee470025)" date="2025-11-06T22:36:05.896" >
        <step title="Collecting changeset information" date="2025-11-06T22:36:06.044" /><!-- duration: 394ms -->
        <step title="Updating submodules" date="2025-11-06T22:36:06.450" /><!-- duration: 1266ms -->
        <step title="Determining deployment builder" date="2025-11-06T22:36:07.976" >
          <step title="Builder is OryxBuilder" date="2025-11-06T22:36:08.001" /><!-- duration: 7ms -->
        </step><!-- duration: 41ms -->
        <step title="PreDeployment: context.CleanOutputPath False" date="2025-11-06T22:36:08.079" >
          <step title="PreDeployment: context.OutputPath /home/site/wwwroot" date="2025-11-06T22:36:08.243" >
            <step title="Building" date="2025-11-06T22:36:08.408" >
              <step title="Executing external process" date="2025-11-06T22:36:08.826" type="process" path="bash" arguments="-c &quot;oryx build /tmp/zipdeploy/extracted -o /home/site/wwwroot --platform python --platform-version 3.10 -p virtualenv_name=antenv --log-file /tmp/build-debug.log  -i /tmp/8de1d84e0f525dd --compress-destination-dir | tee /tmp/oryx-build.log ; exit $PIPESTATUS &quot;" /><!-- duration: 40781ms -->
              <step title="Using PythonDeploymentLogParser" date="2025-11-06T22:36:49.987" /><!-- duration: 7ms -->
              <step title="Modified file to trigger a restart of the app container." date="2025-11-06T22:36:52.303" /><!-- duration: 11ms -->
              <step title="Skip function trigger and logicapp sync because function is not enabled." date="2025-11-06T22:36:52.330" /><!-- duration: 9ms -->
            </step><!-- duration: 44899ms -->
          </step><!-- duration: 45072ms -->
          <step title="Cleaning up temp files" date="2025-11-06T22:36:53.326" /><!-- duration: 2664ms -->
          <step title="Cleaning up temp files" date="2025-11-06T22:36:56.001" /><!-- duration: 517ms -->
          <step title="Reloading status file with latest updates" date="2025-11-06T22:36:56.551" >
            <step title="WebHooksManager.PublishEventAsync: PostDeployment" date="2025-11-06T22:36:56.560" /><!-- duration: 63ms -->
          </step><!-- duration: 77ms -->
          <step title="Cleaning up temporary deployment - fetch deployment was successful" date="2025-11-06T22:36:56.648" /><!-- duration: 5ms -->
        </step><!-- duration: 48630ms -->
      </step><!-- duration: 50843ms -->
