<step title="Incoming Request" date="2025-11-06T22:36:43.919" instance="59351f" url="/api/deployments/latest?deployer=OneDeploy&amp;time=2025-11-06_22-36-01Z" method="GET" type="request" pid="768,1,41" Host="udacitycms-hsggc0fbb9cpfyav.scm.canadacentral-01.azurewebsites.net" User-Agent="GITHUBACTIONS_DeployWebAppToAzure_039cf66f26274fd3261d790cacecc3c3ba287e91810a3657b032c0e2ae56d580" Authorization="Bea..." Content-Type="application/json; charset=utf-8" Cookie="ARRAffinity=59351fa27e3b8ff2edfe6734b7b5bfd768057ef3feaf004e31c03e0b72d93ffe;Path=/;HttpOnly;Secure;Domain=udacitycms-hsggc0fbb9cpfyav.scm.canadacentral-01.azurewebsites.net; ARRAffinitySameSite=59351fa27e3b8ff2edfe6734b7b5bfd768057ef3feaf004e31c03e0b72d93ffe;Path=/;HttpOnly;SameSite=None;Secure;Domain=udacitycms-hsggc0fbb9cpfyav.scm.canadacentral-01.azurewebsites.net" Content-Length="0" X-ARR-LOG-ID="fe933c05-697f-4f55-8c1e-3c17f23a3afe" CLIENT-IP="52.173.181.24:43009" X-SITE-DEPLOYMENT-ID="udacitycms" WAS-DEFAULT-HOSTNAME="udacitycms-hsggc0fbb9cpfyav.scm.canadacentral-01.azurewebsites.net" X-Forwarded-Proto="https" X-AppService-Proto="https" X-Forwarded-TlsVersion="1.3" X-WAWS-Unencoded-URL="/api/deployments/latest?deployer=OneDeploy&amp;time=2025-11-06_22-36-01Z" X-Client-IP="52.173.181.24" X-Client-Port="43009" >
  <step title="Cleanup Xml Logs" date="2025-11-06T22:36:43.926" >
    <step title="Cleanup Infos" date="2025-11-06T22:36:44.163" totalFiles="238" totalCleanup="78" /><!-- duration: 11ms -->
  </step><!-- duration: 307ms -->
  <step title="DeploymentService.GetResult" date="2025-11-06T22:36:44.250" >
    <step title="DeploymentService.GetLatestDeployment" date="2025-11-06T22:36:44.292" >
      <step title="DeploymentManager.GetResults" date="2025-11-06T22:36:44.310" /><!-- duration: 1485ms -->
    </step><!-- duration: 1520ms -->
  </step><!-- duration: 1739ms -->
  <step title="Outgoing response" date="2025-11-06T22:36:46.000" type="response" statusCode="202" statusText="Accepted" /><!-- duration: 6ms -->
</step><!-- duration: 2095ms -->
