<step title="Incoming Request" date="2025-11-06T22:36:26.120" instance="59351f" url="/api/deployments/latest?deployer=OneDeploy&amp;time=2025-11-06_22-36-01Z" method="GET" type="request" pid="768,1,48" Host="udacitycms-hsggc0fbb9cpfyav.scm.canadacentral-01.azurewebsites.net" User-Agent="GITHUBACTIONS_DeployWebAppToAzure_039cf66f26274fd3261d790cacecc3c3ba287e91810a3657b032c0e2ae56d580" Authorization="Bea..." Content-Type="application/json; charset=utf-8" Cookie="ARRAffinity=59351fa27e3b8ff2edfe6734b7b5bfd768057ef3feaf004e31c03e0b72d93ffe;Path=/;HttpOnly;Secure;Domain=udacitycms-hsggc0fbb9cpfyav.scm.canadacentral-01.azurewebsites.net; ARRAffinitySameSite=59351fa27e3b8ff2edfe6734b7b5bfd768057ef3feaf004e31c03e0b72d93ffe;Path=/;HttpOnly;SameSite=None;Secure;Domain=udacitycms-hsggc0fbb9cpfyav.scm.canadacentral-01.azurewebsites.net" Content-Length="0" X-ARR-LOG-ID="aac2b525-42d9-4b37-86af-58b4687a090b" CLIENT-IP="52.173.181.24:43008" X-SITE-DEPLOYMENT-ID="udacitycms" WAS-DEFAULT-HOSTNAME="udacitycms-hsggc0fbb9cpfyav.scm.canadacentral-01.azurewebsites.net" X-Forwarded-Proto="https" X-AppService-Proto="https" X-Forwarded-TlsVersion="1.3" X-WAWS-Unencoded-URL="/api/deployments/latest?deployer=OneDeploy&amp;time=2025-11-06_22-36-01Z" X-Client-IP="52.173.181.24" X-Client-Port="43008" >
  <step title="Cleanup Xml Logs" date="2025-11-06T22:36:26.124" >
    <step title="Cleanup Infos" date="2025-11-06T22:36:26.158" totalFiles="235" totalCleanup="75" /><!-- duration: 10ms -->
  </step><!-- duration: 55ms -->
  <step title="DeploymentService.GetResult" date="2025-11-06T22:36:26.192" >
    <step title="DeploymentService.GetLatestDeployment" date="2025-11-06T22:36:26.201" >
      <step title="DeploymentManager.GetResults" date="2025-11-06T22:36:26.207" /><!-- duration: 390ms -->
    </step><!-- duration: 406ms -->
  </step><!-- duration: 421ms -->
  <step title="Outgoing response" date="2025-11-06T22:36:26.621" type="response" statusCode="202" statusText="Accepted" /><!-- duration: 14ms -->
</step><!-- duration: 522ms -->
