﻿<?xml version="1.0" encoding="utf-8"?>
<deployment>
  <id>b278de2e-e239-4010-999f-d763e64c9352</id>
  <author>N/A</author>
  <deployer>OneDeploy</deployer>
  <authorEmail>N/A</authorEmail>
  <message>OneDeploy</message>
  <progress></progress>
  <status>Success</status>
  <statusText></statusText>
  <lastSuccessEndTime>2025-11-06T20:53:44.2086093Z</lastSuccessEndTime>
  <receivedTime>2025-11-06T20:52:35.6926269Z</receivedTime>
  <startTime>2025-11-06T20:52:37.994125Z</startTime>
  <endTime>2025-11-06T20:53:44.2086093Z</endTime>
  <complete>True</complete>
  <is_temp>False</is_temp>
  <is_readonly>True</is_readonly>
  <buildSummary />
</deployment>