﻿<?xml version="1.0" encoding="utf-8"?>
<deployment>
  <id>6d9d9433-8d05-42a6-9558-ad87d6d13b35</id>
  <author>N/A</author>
  <deployer>OneDeploy</deployer>
  <authorEmail>N/A</authorEmail>
  <message>OneDeploy</message>
  <progress></progress>
  <status>Success</status>
  <statusText></statusText>
  <lastSuccessEndTime>2025-11-06T22:10:00.6918264Z</lastSuccessEndTime>
  <receivedTime>2025-11-06T22:09:22.7056325Z</receivedTime>
  <startTime>2025-11-06T22:09:24.1812899Z</startTime>
  <endTime>2025-11-06T22:10:00.6918264Z</endTime>
  <complete>True</complete>
  <is_temp>False</is_temp>
  <is_readonly>True</is_readonly>
  <buildSummary />
</deployment>