﻿<?xml version="1.0" encoding="utf-8"?>
<deployment>
  <id>2d9ff0f7-8dde-4c35-a00e-7339ee470025</id>
  <author>N/A</author>
  <deployer>OneDeploy</deployer>
  <authorEmail>N/A</authorEmail>
  <message>OneDeploy</message>
  <progress></progress>
  <status>Success</status>
  <statusText></statusText>
  <lastSuccessEndTime>2025-11-06T22:36:52.7333295Z</lastSuccessEndTime>
  <receivedTime>2025-11-06T22:36:06.3137266Z</receivedTime>
  <startTime>2025-11-06T22:36:07.9078921Z</startTime>
  <endTime>2025-11-06T22:36:52.7333295Z</endTime>
  <complete>True</complete>
  <is_temp>False</is_temp>
  <is_readonly>True</is_readonly>
  <buildSummary />
</deployment>