﻿<?xml version="1.0" encoding="utf-8"?>
<deployment>
  <id>746dac5b-806e-4caf-9718-a5755cc89c44</id>
  <author>N/A</author>
  <deployer>OneDeploy</deployer>
  <authorEmail>N/A</authorEmail>
  <message>OneDeploy</message>
  <progress></progress>
  <status>Success</status>
  <statusText></statusText>
  <lastSuccessEndTime>2025-11-06T21:43:14.429191Z</lastSuccessEndTime>
  <receivedTime>2025-11-06T21:41:57.1910058Z</receivedTime>
  <startTime>2025-11-06T21:41:58.6814851Z</startTime>
  <endTime>2025-11-06T21:43:14.429191Z</endTime>
  <complete>True</complete>
  <is_temp>False</is_temp>
  <is_readonly>True</is_readonly>
  <buildSummary />
</deployment>