<step title="Incoming Request" date="2025-11-06T19:44:21.436" instance="8b0ed3" url="/api/publish?async=true&amp;deployer=GITHUB_ONE_DEPLOY&amp;type=zip&amp;message=%7B%22type%22%3A%22deployment%22%2C%22sha%22%3A%22b4b5c66cb8e381a81515c7c1b24bb0892ca241b2%22%2C%22repoName%22%3A%22danielobiri%2Fudacity-cms-proj%22%2C%22actor%22%3A%22danielobiri%22%2C%22slotName%22%3A%22Production%22%2C%22commitMessage%22%3A%22Resolve%20merge%20conflict%3A%20use%20simplified%20requirements.txt%20for%20better%20Azure%20deployment%22%7D" method="POST" type="request" pid="768,1,3" Host="udacitycms-hsggc0fbb9cpfyav.scm.canadacentral-01.azurewebsites.net" User-Agent="GITHUBACTIONS_DeployWebAppToAzure_039cf66f26274fd3261d790cacecc3c3ba287e91810a3657b032c0e2ae56d580" Authorization="Bea..." Content-Type="application/octet-stream" Cookie="ARRAffinity=8b0ed3a3c940bdd1ba4f195fc5a5d840c1c4311a825c69e6ceb63aace03ae840;Path=/;HttpOnly;Secure;Domain=udacitycms-hsggc0fbb9cpfyav.scm.canadacentral-01.azurewebsites.net; ARRAffinitySameSite=8b0ed3a3c940bdd1ba4f195fc5a5d840c1c4311a825c69e6ceb63aace03ae840;Path=/;HttpOnly;SameSite=None;Secure;Domain=udacitycms-hsggc0fbb9cpfyav.scm.canadacentral-01.azurewebsites.net" Transfer-Encoding="chunked" X-ARR-LOG-ID="898a423c-27a3-4e7e-8510-60746943be8f" CLIENT-IP="145.132.101.192:41984" X-SITE-DEPLOYMENT-ID="udacitycms" WAS-DEFAULT-HOSTNAME="udacitycms-hsggc0fbb9cpfyav.scm.canadacentral-01.azurewebsites.net" X-Forwarded-Proto="https" X-AppService-Proto="https" X-Forwarded-TlsVersion="1.3" X-WAWS-Unencoded-URL="/api/publish?async=true&amp;deployer=GITHUB_ONE_DEPLOY&amp;type=zip&amp;message=%7B%22type%22%3A%22deployment%22%2C%22sha%22%3A%22b4b5c66cb8e381a81515c7c1b24bb0892ca241b2%22%2C%22repoName%22%3A%22danielobiri%2Fudacity-cms-proj%22%2C%22actor%22%3A%22danielobiri%22%2C%22slotName%22%3A%22Production%22%2C%22commitMessage%22%3A%22Resolve%20merge%20conflict%3A%20use%20simplified%20requirements.txt%20for%20better%20Azure%20deployment%22%7D" X-Client-IP="145.132.101.192" X-Client-Port="41984" >
  <step title="OneDeploy" date="2025-11-06T19:44:21.637" >
    <step title="None repository commit" date="2025-11-06T19:44:21.686" >
      <step title="Commit id: ad88111c-b7bf-486d-985f-eb8f1ba0c443" date="2025-11-06T19:44:21.695" Message="N/A" AuthorName="N/A" AuthorEmail="N/A" /><!-- duration: 12ms -->
    </step><!-- duration: 49ms -->
    <step title="Starting PushDeployAsync" date="2025-11-06T19:44:21.751" /><!-- duration: 4ms -->
    <step title="Writing artifact to /tmp/zipdeploy/3a1b47cc-1d99-44bd-b115-148d75cc6d9d.zip" date="2025-11-06T19:44:21.786" >
      <step title="Writing multipart request body to /tmp/zipdeploy/3a1b47cc-1d99-44bd-b115-148d75cc6d9d.zip" date="2025-11-06T19:44:21.798" /><!-- duration: 7ms -->
    </step><!-- duration: 260ms -->
    <step title="Start deployment in the background" date="2025-11-06T19:44:22.243" >
      <step title="Acquiring Deployment Lock" date="2025-11-06T19:44:22.280" /><!-- duration: 4ms -->
      <step title="Acquired Deployment Lock" date="2025-11-06T19:44:22.348" /><!-- duration: 5ms -->
    </step><!-- duration: 224ms -->
  </step><!-- duration: 845ms -->
  <step title="Outgoing response" date="2025-11-06T19:44:22.493" type="response" statusCode="202" statusText="Accepted" /><!-- duration: 4ms -->
</step><!-- duration: 1067ms -->
