<step title="BackgroundTrace" date="2025-11-06T19:59:36.068" instance="8b0ed3" url="/api/publish" method="POST" >
  <step title="Creating temporary deployment - FetchDeploymentManager" date="2025-11-06T19:59:36.173" /><!-- duration: 3ms -->
  <step title="Creating temporary deployment" date="2025-11-06T19:59:36.182" /><!-- duration: 220ms -->
  <step title="Performing fetch based deployment" date="2025-11-06T19:59:36.448" >
    <step title="Cleaning up temp folders from previous zip deployments and extracting pushed zip file /tmp/zipdeploy/5b11b5c7-c644-4696-bccd-77066a96f514.zip (1.45 MB) to /tmp/zipdeploy/extracted" date="2025-11-06T19:59:37.753" >
      <step title="ChmodRecursive Process exited with total time taken in ms: 59" date="2025-11-06T19:59:37.895" /><!-- duration: 16ms -->
    </step><!-- duration: 169ms -->
    <step title="Deployment timer started" date="2025-11-06T19:59:39.948" >
      <step title="DeploymentManager.Deploy(id:2f8d0f2d-dd40-4fb2-82b5-fbb6b298ed11)" date="2025-11-06T19:59:39.955" >
        <step title="Collecting changeset information" date="2025-11-06T19:59:39.980" /><!-- duration: 101ms -->
        <step title="Updating submodules" date="2025-11-06T19:59:40.087" /><!-- duration: 1141ms -->
        <step title="Determining deployment builder" date="2025-11-06T19:59:41.462" >
          <step title="Builder is OryxBuilder" date="2025-11-06T19:59:41.480" /><!-- duration: 4ms -->
        </step><!-- duration: 28ms -->
        <step title="PreDeployment: context.CleanOutputPath False" date="2025-11-06T19:59:41.637" >
          <step title="PreDeployment: context.OutputPath /home/site/wwwroot" date="2025-11-06T19:59:41.764" >
            <step title="Building" date="2025-11-06T19:59:41.907" >
              <step title="Executing external process" date="2025-11-06T19:59:42.230" type="process" path="bash" arguments="-c &quot;oryx build /tmp/zipdeploy/extracted -o /home/site/wwwroot --platform python --platform-version 3.10 -p virtualenv_name=antenv --log-file /tmp/build-debug.log  -i /tmp/8de1d6f06269b76 --compress-destination-dir | tee /tmp/oryx-build.log ; exit $PIPESTATUS &quot;" /><!-- duration: 34776ms -->
              <step title="Using PythonDeploymentLogParser" date="2025-11-06T20:00:17.462" /><!-- duration: 5ms -->
              <step title="Modified file to trigger a restart of the app container." date="2025-11-06T20:00:18.871" /><!-- duration: 6ms -->
              <step title="Skip function trigger and logicapp sync because function is not enabled." date="2025-11-06T20:00:18.886" /><!-- duration: 8ms -->
            </step><!-- duration: 37762ms -->
          </step><!-- duration: 37912ms -->
          <step title="Cleaning up temp files" date="2025-11-06T20:00:19.681" /><!-- duration: 427ms -->
          <step title="Cleaning up temp files" date="2025-11-06T20:00:20.118" /><!-- duration: 509ms -->
          <step title="Reloading status file with latest updates" date="2025-11-06T20:00:20.665" >
            <step title="WebHooksManager.PublishEventAsync: PostDeployment" date="2025-11-06T20:00:20.671" /><!-- duration: 68ms -->
          </step><!-- duration: 80ms -->
          <step title="Cleaning up temporary deployment - fetch deployment was successful" date="2025-11-06T20:00:20.759" /><!-- duration: 6ms -->
        </step><!-- duration: 39764ms -->
      </step><!-- duration: 41469ms -->
